Symbol,Name,Exchange,Last,Industry,SIC Description,Time,Trend,20D Avg Vol,52W %/High,20D MA,50D MA,100D MA,Market Cap
AA,Alcoa Corp,NYSE,87.71,Metal Products - Distribution,,4/5/2022,Buy,7050440,-10.58%,86.17,77.44,65.63,16761596000
ABBV,Abbvie Inc,NYSE,163.43,Large Cap Pharma,,4/5/2022,Buy,6397445,-1.52%,158.35,149.37,138.26,2.85944E+11
ABC,Amerisourcebergen Corp,NYSE,155.76,Medical - Dental Suppliers,"SIC-5122 Wholesale-Drugs, Proprietaries & Druggists",4/5/2022,Buy,1074730,-1.27%,151.98,144.82,135.79,32363950000
ABEV,Ambev S.A. ADR,NYSE,3.2,Beverages - Alcohol,,4/5/2022,Buy,21211346,-18.99%,2.93,2.86,2.84,51617872000
ABTX,Allegiance Banc CS,NASDAQ,43.35,Banks - Southeast,SIC-6022 State Commercial Banks,4/5/2022,Buy,103110,-5.76%,44.53,43.62,43.12,890649000
ACAD,Acadia Pharmaceutica,NASDAQ,25.75,Medical - Biomedical,SIC-2834 Pharmaceutical Preparations,4/5/2022,Buy,1565890,-7.41%,24.97,24.8,23.35,4226769000
ACET,Adicet Bio Inc,NASDAQ,19.22,Medical - Biomedical,,4/5/2022,Buy,532500,-9.21%,16.66,14.6,13.95,789564000
ACGL,Arch Capital Grp Ltd,NASDAQ,47.49,Insurance - Proprty & Casualty,"SIC-6331 Fire, Marine & Casualty Insurance",4/5/2022,Buy,1937875,-3.38%,47.02,46.79,45.29,17845298000
ACHC,Acadia Healthcr Company,NASDAQ,67.02,Medical - Hospitals,,4/5/2022,Buy,607990,-2.37%,65.6,59.12,58.86,5970850000
ACM,Aecom Technology Corp,NYSE,75.34,Engineering & R&D Services,,4/5/2022,Buy,837850,-5.79%,77.17,73.47,73.46,10726520000
ACT,Enact Holdings Inc,NASDAQ,21.85,Insurance - Multi Line,,4/5/2022,Buy,93920,-8.96%,21.94,21.56,21.46,3577617000
ADM,Archer Daniels Midland,NYSE,90.9,Agriculture Operations,,4/5/2022,Buy,4594370,-2.78%,87.21,81.09,73.8,50864796000
AEE,Ameren Corp,NYSE,94.94,Utility - Electric Power,,4/5/2022,Buy,1377735,-0.92%,90.27,87.93,87.31,24326662000
AEM,Agnico-Eagle Mines Ltd,NYSE,62.75,Mining - Gold,SIC-1040 Gold and Silver Ores,4/5/2022,Buy,3717350,-15.77%,61.47,55.42,53.53,15564700000
AEP,American Electric Power Company,NASDAQ,101.31,Utility - Electric Power,,4/5/2022,Buy,2950515,-1.35%,96.98,92.38,89.3,50782656000
AFG,American Financial Group,NYSE,144.29,Insurance - Proprty & Casualty,,4/5/2022,Buy,329555,-4.44%,143.36,137.59,137.26,12216618000
AFL,Aflac Inc,NYSE,63.77,Insurance - Accident & Health,,4/5/2022,Buy,2359835,-4.78%,63.26,62.89,60.59,41337660000
AGCO,Agco Corp,NYSE,139.99,Machinery - Farm,,4/5/2022,Buy,995750,-11.74%,137.77,128.56,123.66,10666960000
AGI,Alamos Gold Inc,NYSE,8.5,Mining - Gold,,4/5/2022,Buy,3709775,-9.33%,8.38,7.69,7.61,3405524000
AGRO,Adecoagro S.A.,NYSE,11.47,Agriculture Operations,,4/5/2022,Buy,2207285,-9.47%,11.7,9.89,8.88,1378149000
AIG,American International Group,NYSE,62.45,Insurance - Multi Line,,4/5/2022,Buy,4249060,-3.78%,61.29,60.4,58.63,50422752000
AIR,AAR Corp,NYSE,47.08,Aerospace - Defense Equipment,,4/5/2022,Buy,447990,-8.15%,47.09,44.09,40.95,1694383000
AIZ,Assurant Inc,NYSE,181.87,Insurance - Multi Line,,4/5/2022,Buy,391855,-2.00%,178.07,167.75,161.54,10491315000
ALBO,Albireo Pharma Inc,NASDAQ,32.73,Medical - Biomedical,,4/5/2022,Buy,314145,-13.55%,30.9,30.49,27.48,627135000
ALKS,Alkermes Plc,NASDAQ,28.57,Medical - Biomedical,,4/5/2022,Buy,1389485,-13.42%,26.28,25.09,24.24,4650130000
ALL,Allstate Corp,NYSE,137.24,Insurance - Proprty & Casualty,,4/5/2022,Buy,2135895,-3.23%,133.74,127.26,121.46,38158452000
ALTO,Alto Ingredients Inc,NASDAQ,6.56,Consumer Prdts - Misc Discr,SIC-2860 Industrial Organic Chemicals,4/5/2022,Buy,3358695,-9.77%,6.27,5.8,5.44,509453000
ALTU,Altitude Acquisition Corp Cl A,NASDAQ,9.95,Unclassified,SIC-6770 Blank Checks,4/5/2022,Buy,93140,-2.93%,9.94,9.92,9.9,373125000
AM,Antero Midstream Corp,NYSE,10.77,Oil - US Integrated,SIC-4922 Natural Gas Transmission,4/5/2022,Buy,3831215,-8.03%,10.56,10.18,10.07,5238219000
AMAL,Amalgamated Financial Corp,NASDAQ,17.99,Finance - SBIC & Commercial,,4/5/2022,Buy,48800,-10.01%,17.7,17.2,17.14,548246000
AMGN,Amgen Inc,NASDAQ,244.56,Medical - Biomedical,,4/5/2022,Buy,2945310,-6.30%,236.67,230.74,224.11,1.37927E+11
AMPH,Amphastar Pharma,NASDAQ,36.82,Medical - Generic Drugs,,4/5/2022,Buy,486130,-5.63%,35.12,30.03,26.19,1812998000
AMRK,A-Mark Precious Meta,NASDAQ,77,Precious Metals & Jewelry,,4/5/2022,Buy,133245,-7.72%,76.51,71.84,67.39,904884000
ANDE,Andersons Inc,NASDAQ,49.47,Agriculture Products,,4/5/2022,Buy,460310,-10.67%,47.92,43.54,40.36,1684445000
ANTM,Anthem Inc,NYSE,494.78,Medical - HMO,,4/5/2022,Buy,1305810,-2.21%,478.7,461.71,449.32,1.23932E+11
AON,AON Plc,NYSE,325.97,Insurance - Brokers,,4/5/2022,Buy,1341765,-1.79%,315.08,295.92,293.98,71989072000
APA,Apa Corp,NASDAQ,41.69,Oil - US Exploration & Product,,4/5/2022,Buy,8653510,-4.99%,40.11,36.57,32.25,14904432000
APLS,Apellis Pharmaceuticals Inc,NASDAQ,59.21,Medical - Biomedical,,4/5/2022,Buy,1659235,-18.89%,49.41,45.64,44.62,6189173000
APOG,Apogee Entrpr Inc,NASDAQ,46.93,Glass Products,,4/5/2022,Buy,216330,-6.97%,48.08,46.28,46.26,1206698000
APSG,Apollo Strategic Growth Capital Cl A,NYSE,9.95,Transportation - Services,SIC-4700 Transportation Services,4/5/2022,Buy,612705,-0.70%,9.92,9.9,9.89,1014884000
APTS,Preferred Apartment Communities,NYSE,24.94,REIT - Equity Trust Resident,,4/5/2022,Buy,2631495,-3.33%,24.99,23.03,19.33,1390031000
AQN,Algonquin Pwr & Util,NYSE,15.73,Utility - Electric Power,,4/5/2022,Buy,1915455,-5.18%,15.26,14.61,14.32,10543045000
AR,Antero Resources Corp,NYSE,30.42,Oil - US Exploration & Product,,4/5/2022,Buy,7736515,-5.98%,28.23,24.11,21.11,9756944000
ARCO,Arcos Dorados Holdings Inc,NYSE,7.82,Retail - Restaurants,SIC-5812 Retail-Eating Places,4/5/2022,Buy,969535,-7.35%,7.81,7.34,6.36,1702556000
ARIS,Aris Water Solutions Inc Cl A,NYSE,17.27,Waste Removal Svcs,N/A,4/5/2022,Buy,182010,-10.05%,18,15.23,14.12,968437000
ARLP,Alliance Resource Pt,NASDAQ,15.55,Coal,,4/5/2022,Buy,658960,-4.89%,15.06,14.26,13.04,1929548000
AROC,Archrock Inc,NYSE,9.16,Oil - Field Services,,4/5/2022,Buy,1444715,-8.76%,9.07,8.71,8.26,1492395000
ARTNA,Artesian Res Cp A,NASDAQ,48.15,Utility - Water Supply,,4/5/2022,Buy,31610,-5.37%,47.79,47.39,45.81,455829000
ASAI,Sendas Distribuidora S.A. ADR,NYSE,17.27,Consumer Prdts - Misc Discr,,4/5/2022,Buy,175610,-6.90%,15.24,13.47,12.72,4749222000
ATCX,Atlas Technical Consultants Inc,NASDAQ,12.51,Engineering & R&D Services,SIC-8742 Services-Management Consulting Services,4/5/2022,Buy,142220,-18.77%,12.23,11.21,10,488814000
ATI,Allegheny Technologies Inc,NYSE,27.72,Steel - Specialty,,4/5/2022,Buy,2138120,-2.57%,26.87,24.7,20.65,3549427000
ATO,Atmos Energy Corp,NYSE,120.23,Utility - Gas Distribution,,4/5/2022,Buy,1005010,-1.01%,116.16,111.09,105.23,16140786000
ATRS,Antares Pharma,NASDAQ,4.03,Medical - Dental Suppliers,,4/5/2022,Buy,947305,-12.96%,3.97,3.7,3.56,670218000
AU,Anglogold Ashanti Ltd ADR,NYSE,23.48,Mining - Gold,,4/5/2022,Buy,3997295,-12.91%,24.06,22.4,21.28,10053424000
AURA,Aura Biosciences Inc,NASDAQ,21.25,Medical - Biomedical,N/A,4/5/2022,Buy,33480,-18.77%,21.24,19.63,18.81,628457000
AUY,Yamana Gold,NYSE,5.69,Mining - Gold,SIC-1040 Gold and Silver Ores,4/5/2022,Buy,18829965,-6.41%,5.55,4.97,4.54,5711048000
AVA,Avista Corp,NYSE,45.91,Utility - Electric Power,,4/5/2022,Buy,460510,-4.57%,44.97,44.41,42.82,3280405000
AVD,American Vanguard Corp,NYSE,20.24,Chemical - Specialty,,4/5/2022,Buy,330400,-5.02%,19.2,16.71,16.2,646441000
AXS,Axis Capital Holdings,NYSE,58.67,Insurance - Proprty & Casualty,,4/5/2022,Buy,615960,-4.43%,56.36,55.93,54.6,5005014000
AZN,Astrazeneca Plc ADR,NASDAQ,67.05,Large Cap Pharma,,4/5/2022,Buy,7000940,-1.59%,64.01,60.89,59.02,2.066E+11
BANF,Bancfirst Corp,NASDAQ,83.05,Banks - Southwest,,4/5/2022,Buy,149765,-2.09%,81.86,78.81,74.18,2725994000
BCBP,Bcb Bancorp Inc,NASDAQ,17.89,Banks - Northeast,,4/5/2022,Buy,51465,-6.85%,18.1,17.99,16.69,308957000
BCE,BCE Inc,NYSE,57.11,Diversified Comm Services,,4/5/2022,Buy,1537300,-0.73%,54.52,53.46,52.49,51046752000
BCH,Banco DE Chile ADR,NYSE,21.42,Banks - Foreign,,4/5/2022,Buy,114700,-13.91%,21.46,20.98,19.49,10945191000
BCOR,Blucora Inc,NASDAQ,19.43,Technology Services,,4/5/2022,Buy,467755,-5.68%,19.32,18.57,17.85,960638000
BEP,Brookfield Renewable,NYSE,39.25,Utility - Electric Power,,4/5/2022,Buy,354860,-10.75%,40.45,36.79,35.93,11044704000
BEPC,Brookfield Renewable Corp,NYSE,41.84,Other Alt Energy,,4/5/2022,Buy,697135,-14.10%,42.59,38.1,37,7376569000
BG,Bunge Ltd,NYSE,111.89,Agriculture Products,,4/5/2022,Buy,1749020,-4.73%,109.99,104.87,98.46,15810518000
BHP,Bhp Billiton Ltd ADR,NYSE,77.18,Mining - Misc,,4/5/2022,Buy,4515610,-5.96%,72.53,69.73,64.44,1.1621E+11
BHR,Braemar Hotels & Resorts Inc,NYSE,5.95,REIT - Equity Trust Other,,4/5/2022,Buy,432830,-17.93%,6.04,5.86,5.42,405164000
BIP,Brookfield Infrastructure Partners LP,NYSE,67.92,Utility - Electric Power,,4/5/2022,Buy,297550,-1.58%,63.4,61.16,59.79,20617664000
BIPC,Brookfield Infrastructure Partners LP Cl A,NYSE,76.03,Finance - Misc Services,SIC-4923 Natural Gas Transmission & Distribution,4/5/2022,Buy,261615,-5.67%,72.72,69.9,66.88,5661118000
BKH,Black Hills Corp,NYSE,76.8,Utility - Electric Power,,4/5/2022,Buy,362645,-2.23%,73.53,70.3,68.94,4950496000
BKR,Baker Hughes A Ge Co. Cl A,NASDAQ,35.52,Oil - Field Services,,4/5/2022,Buy,14364770,-10.71%,36.36,31.89,28.33,37430768000
BKU,BankUnited Inc,NYSE,43.08,Banks - Major Regional,,4/5/2022,Buy,1042250,-13.06%,43.12,42.98,42.74,3740051000
BMA,Banco Macro S.A. ADR,NYSE,17.25,Banks - Foreign,,4/5/2022,Buy,265755,-18.63%,16.48,15.1,14.74,1129838000
BMO,Bank of Montreal,NYSE,118.29,Banks - Foreign,"SIC-6029 Commercial Banks, NEC",4/5/2022,Buy,791480,-3.65%,118.33,116.53,113.14,78987848000
BMY,Bristol-Myers Squibb Company,NYSE,74.43,Medical - Biomedical,,4/5/2022,Buy,15141180,-0.75%,71.48,68.58,64.49,1.60841E+11
BNFT,Benefitfocus,NASDAQ,12.42,Internet - Software,,4/5/2022,Buy,150005,-18.29%,11.45,10.76,10.67,421979000
BOAC,Bluescape Opportunities Acquisition Cl A,NYSE,9.87,Unclassified,N/A,4/5/2022,Buy,153935,-3.52%,9.85,9.84,9.82,748749000
BOWL,Bowlero Corp Cl A,NYSE,10.84,Leisure & Recreation Services,,4/5/2022,Buy,628555,-14.17%,10.81,9.61,9.48,344990000
BOX,Box Inc,NYSE,28.84,Internet - Software,,4/5/2022,Buy,1987160,-2.78%,27.71,26.66,26.17,4196586000
BPT,BP Prudhoe Bay Royalty Trust,NYSE,15.2,Oil - US Royalty Trusts,,4/5/2022,Buy,801230,-9.63%,13.04,11.22,7.78,346894000
BRK.B,Berkshire Hathaway Cl B,NYSE,344.8,Insurance - Proprty & Casualty,,4/5/2022,Buy,5436590,-4.78%,344.48,327.7,311.73,7.64855E+11
BRO,Brown & Brown,NYSE,72.36,Insurance - Brokers,,4/5/2022,Buy,1816475,-2.22%,68.85,67.37,66.99,20441408000
BRT,BRT Realty Trust,NYSE,24.13,REIT - Equity Trust Resident,,4/5/2022,Buy,46135,-4.66%,23.82,22.8,21.71,447685000
BRX,Brixmor Property Group Inc,NYSE,25.02,REIT - Equity Trust Retail,,4/5/2022,Buy,2566730,-7.85%,25.28,25.16,24.89,7621828000
BRY,Berry Pete Corp,NASDAQ,10.68,Oil - US Integrated,,4/5/2022,Buy,457075,-7.45%,10.29,9.71,9.22,866577000
BSAC,Banco Santander Chile ADR,NYSE,22.38,Banks - Foreign,,4/5/2022,Buy,477465,-14.42%,21.92,20.59,19.21,10656621000
BSBR,Banco Santander Brasil S.A. ADR,NYSE,7.63,Banks - Foreign,,4/5/2022,Buy,2453240,-17.69%,7.18,6.53,6.13,29506756000
BSM,Black Stone Minerals LP,NYSE,14.13,E&P MLP,,4/5/2022,Buy,890125,-3.29%,12.88,12.26,11.64,3000844000
BSX,Boston Scientific Corp,NYSE,44.35,Medical Products,,4/5/2022,Buy,7894785,-4.18%,43.53,43.38,42.56,63004176000
BTU,Peabody Energy Corp,NYSE,24.78,Coal,,4/5/2022,Buy,10440345,-12.75%,23.52,18.99,14.87,3455117000
BXMT,Blackstone Mortgage Trust Inc Cl A,NYSE,31.69,REIT - Mortgage Trusts,,4/5/2022,Buy,1666170,-6.90%,31.76,31.46,31.37,5395456000
BXP,Boston Properties,NYSE,125.8,REIT - Equity Trust Other,,4/5/2022,Buy,690215,-5.49%,126.37,121.35,119.14,20044484000
BYD,Boyd Gaming Corp,NYSE,65.28,Gaming,,4/5/2022,Buy,1105940,-10.23%,66.83,66.06,63.83,7328534000
CACI,Caci International,NYSE,296.51,Computer - Services,,4/5/2022,Buy,164080,-5.43%,300.19,277.89,274.34,7038418000
CAH,Cardinal Health,NYSE,56.83,Medical - Dental Suppliers,,4/5/2022,Buy,2607005,-8.50%,56.1,54.17,52.13,15709359000
CALM,Cal-Maine Foods IN,NASDAQ,57.37,Agriculture Products,,4/5/2022,Buy,880980,-4.30%,50.45,45.52,41.55,2893371000
CARE,Carter Bankshares Inc,NASDAQ,17.62,Banks - Northeast,,4/5/2022,Buy,105440,-1.01%,16.83,16.25,15.77,444779000
CARG,Cargurus Inc Cl A,NASDAQ,43.22,Auto - Truck Replacement Parts,,4/5/2022,Buy,1045430,-13.61%,42.49,38.59,36.65,5285770000
CB,Chubb Ltd,NYSE,212.38,Insurance - Proprty & Casualty,,4/5/2022,Buy,1717815,-3.02%,211.42,206.08,198.77,91029728000
CBSH,Commerce Bancshares,NASDAQ,70.42,Banks - Midwest,,4/5/2022,Buy,364205,-8.93%,71.7,70.8,70.11,8595177000
CBZ,Cbiz Inc,NYSE,41.31,Consulting,,4/5/2022,Buy,180345,-3.06%,40.56,39.22,38.91,2144433000
CCJ,Cameco Corp,NYSE,28.34,Mining - Misc,,4/5/2022,Buy,10356740,-7.05%,27.78,24.04,23.61,11324181000
CCK,Crown Cork & Seal Company,NYSE,124.79,Containers - Metal & Glass,,4/5/2022,Buy,973070,-4.32%,126.03,120.8,114.95,15544669000
CDEV,Centennial Resource Development Inc,NASDAQ,8.67,Oil - US Exploration & Product,,4/5/2022,Buy,10227185,-6.77%,8.22,8.17,7.42,2543354000
CDK,Cdk Global Inc,NASDAQ,48.65,IT Services,,4/5/2022,Buy,673085,-11.79%,47.94,45.52,43.41,5749276000
CDR,Cedar Realty Trust Inc,NYSE,28,REIT - Equity Trust Other,,4/5/2022,Buy,253790,-2.37%,27.82,25.45,24.42,381291000
CEIX,Consol Energy Inc,NYSE,35.46,Coal,,4/5/2022,Buy,789185,-14.35%,35.43,31.06,27.12,1291599000
CENX,Century Aluminum C,NASDAQ,26.52,Metal Production & Fabrication,,4/5/2022,Buy,1978060,-12.65%,25.98,22.62,18.93,2428596000
CEPU,Central Puerto S.A. ADR,NYSE,4.09,Other Alt Energy,SIC-4911 Electric Services,4/5/2022,Buy,180760,-6.68%,3.89,3.67,3.44,630666000
CEQP,Crestwood Equity Partners LP,NYSE,29.78,Oil Gas Prod Pipeline MLP,,4/5/2022,Buy,845750,-12.26%,30.27,29.56,28.42,1916563000
CF,Cf Industries Holdings,NYSE,102.77,Fertilizers,,4/5/2022,Buy,5007620,-6.40%,99.26,85.78,75.8,21275256000
CFFE,Cf Acquisition Corp ViII Cl A,NASDAQ,10.07,Unclassified,SIC-6770 Blank Checks,4/5/2022,Buy,40495,-11.55%,10.05,10.03,9.99,320125000
CGAU,Centerra Gold Inc,NYSE,9.93,Mining - Gold,,4/5/2022,Buy,103885,-6.05%,9.89,9.24,8.47,2971160000
CGBD,Tcg Bdc Inc,NASDAQ,14.45,Finance - Misc Services,,4/5/2022,Buy,248285,-3.41%,14.49,14.23,14.05,765152000
CHK,Chesapeake Energy Corp,NASDAQ,88.67,Other Alt Energy,,4/5/2022,Buy,1844550,-3.41%,83.4,76.01,70.08,11393622000
CHKP,Check Point Software,NASDAQ,142.4,Security,,4/5/2022,Buy,1383115,-4.83%,138.64,134.12,124.95,19360376000
CHNG,Change Healthcare Inc,NASDAQ,23.73,Medical Information Systems,,4/5/2022,Buy,2735290,-0.90%,21.83,20.9,20.85,6894295000
CHT,Chunghwa Telecom Co. Ltd ADR,NYSE,44.44,Diversified Comm Services,,4/5/2022,Buy,119455,-3.12%,44.21,43.83,42.62,34761136000
CI,Cigna Corp,NYSE,245.09,Insurance - Multi Line,,4/5/2022,Buy,1647220,-10.16%,239.26,233.94,227.57,77130016000
CIB,Bancolombia S.A. ADR,NYSE,43.02,Banks - Foreign,,4/5/2022,Buy,413475,-1.63%,40.42,37.46,34.9,10219422000
CIG,Comp En DE MN Cemig ADR,NYSE,3.24,Utility - Electric Power,SIC-4911 Electric Services,4/5/2022,Buy,5549535,-2.41%,2.92,2.68,2.53,6268489000
CINF,Cincinnati Financial,NASDAQ,135.28,Insurance - Proprty & Casualty,,4/5/2022,Buy,762550,-2.67%,131.79,125.42,121.03,21679448000
CIVI,Civitas Resources Inc,NYSE,59.71,Oil - US Exploration & Product,,4/5/2022,Buy,1099480,-7.93%,58.46,54.75,53.98,5227331000
CLAS,Class Acceleration Corp Cl A,NYSE,9.79,Unclassified,SIC-6770 Blank Checks,4/5/2022,Buy,92545,-1.31%,9.78,9.76,9.75,317295000
CLBK,Columbia Financial Inc,NASDAQ,21.61,Finance - Misc Services,,4/5/2022,Buy,87295,-4.84%,21.83,21.57,20.83,2285755000
CLF,Cleveland-Cliffs Inc,NYSE,32.54,Mining - Misc,,4/5/2022,Buy,23332084,-4.41%,29.36,23.81,22.45,17049554000
CLR,Continental Resources,NYSE,61.19,Oil - US Exploration & Product,,4/5/2022,Buy,1756720,-6.32%,61.03,57.59,52.17,22845128000
CMC,Commercial Metals Company,NYSE,41.1,Steel - Producers,,4/5/2022,Buy,1422350,-5.65%,41.24,38.16,36.37,5049966000
CMP,Compass Minerals Intl Inc,NYSE,62.65,Chemical - Diversified,,4/5/2022,Buy,340105,-16.95%,61.95,58.17,55.97,2195829000
CMS,Cms Energy Corp,NYSE,71.11,Utility - Electric Power,,4/5/2022,Buy,2198320,-1.08%,68,65.45,64.13,20480768000
CMTG,Claros Mortgage Trust Inc,NYSE,17.83,REIT - Mortgage Trusts,N/A,4/5/2022,Buy,43360,-4.86%,17.55,17.4,17.23,2511555000
CNA,CNA Financial Corp,NYSE,47.94,Insurance - Proprty & Casualty,,4/5/2022,Buy,187280,-3.15%,47.74,46.81,45.68,13075324000
CNMD,C O N M E D Cp,NYSE,145.03,Medical - Dental Suppliers,,4/5/2022,Buy,236200,-8.85%,143.38,141.01,139.99,4303122000
CNO,Cno Financial Group,NYSE,24.65,Insurance - Multi Line,,4/5/2022,Buy,968130,-11.62%,24.66,24.65,24.48,2948619000
CNP,Centerpoint Energy Inc,NYSE,31.03,Utility - Electric Power,,4/5/2022,Buy,4513270,-1.13%,29.71,28.45,27.85,19468332000
CNQ,Canadian Natural Resources,NYSE,62.6,Oil - C$ Exploration & Product,,4/5/2022,Buy,3372750,-4.34%,61.44,56.73,50.05,74519168000
CNR,Cornerstone Building Brands Inc,NYSE,24.34,Building - CMT & CNT & AG,,4/5/2022,Buy,3283690,-0.41%,24.32,21.2,18.81,3093745000
CNX,CNX Resources Corp,NYSE,20.54,Oil - US Exploration & Product,,4/5/2022,Buy,3568305,-5.35%,19.53,17.37,15.88,4119780000
CNXN,PC Connection Inc,NASDAQ,52.33,Retail - Wholesale Computers,,4/5/2022,Buy,37130,-4.49%,52.38,49.28,46.79,1400709000
COHR,Coherent Inc,NASDAQ,271.07,Semi-Eqpt Wafer Companies,,4/5/2022,Buy,221065,-1.71%,266.71,262.47,262.07,6762534000
CONX,Conx Corp Cl A,NASDAQ,9.87,Unclassified,SIC-6770 Blank Checks,4/5/2022,Buy,141735,-2.37%,9.84,9.83,9.82,927484000
COP,Conocophillips,NYSE,98.05,Oil - US Integrated,,4/5/2022,Buy,8511354,-8.81%,100.23,95.41,85.17,1.30318E+11
CPE,Callon Petroleum Company,NYSE,61.18,Oil - US Exploration & Product,SIC-1311 Crude Petroleum & Natural Gas,4/5/2022,Buy,1753665,-7.97%,58.9,55.87,54.07,3901179000
CPG,Crescent Pt Energy,NYSE,7.17,Oil - C$ Exploration & Product,SIC-1311 Crude Petroleum & Natural Gas,4/5/2022,Buy,9286625,-8.89%,7.25,6.95,6.08,4384213000
CPLP,Capital Product Part,NASDAQ,17.82,Transportation - Ship,,4/5/2022,Buy,132145,-9.31%,16.64,15.95,15.86,346998000
CPRX,Catalyst Pharm Inc,NASDAQ,8.36,Medical - Drugs,SIC-2834 Pharmaceutical Preparations,4/5/2022,Buy,1228515,-3.30%,7.99,7.4,7.09,868195000
CPSI,Computer Programs,NASDAQ,33.08,Medical Information Systems,,4/5/2022,Buy,94065,-12.07%,33.91,31.33,30.41,500620000
CR,Crane Company,NYSE,104.92,Conglomerates - Div Operations,SIC-3490 Miscellaneous Fabricated Metal Products,4/5/2022,Buy,318880,-8.66%,107.11,103.9,103,6204696000
CRC,California Resources Corp,NYSE,43.42,Oil - US Exploration & Product,SIC-1311 Crude Petroleum & Natural Gas,4/5/2022,Buy,924425,-13.91%,44.87,43.17,42.87,3526069000
CRESY,Cresud Sacif ADR,NASDAQ,7.85,Agriculture Operations,SIC-6500 Real Estate,4/5/2022,Buy,200390,-16.49%,7.86,6.67,5.72,479820000
CRHC,Cohn Robbins Holdings Corp Cl A,NYSE,9.96,Unclassified,SIC-6770 Blank Checks,4/5/2022,Buy,525315,-1.58%,9.93,9.91,9.89,1030860000
CRK,Comstock Resources,NYSE,13.97,Oil - US Exploration & Product,,4/5/2022,Buy,3723400,-2.85%,11.21,9.31,8.9,3165424000
CRS,Carpenter Technology Corp,NYSE,41.02,Steel - Specialty,,4/5/2022,Buy,443220,-16.63%,39.64,36.43,33.44,2088600000
CSAN,Cosan Sa Spon ADR WI,NYSE,20.01,Other Alt Energy,,4/5/2022,Buy,201095,-6.06%,18.78,17.75,16.51,7825152000
CSGS,C S G Sys Intl,NASDAQ,64.13,Computer - Services,,4/5/2022,Buy,263480,-2.74%,63.64,61.24,58.44,2112000000
CTIC,Cti Biopharm Corp,NASDAQ,4.75,Medical - Drugs,,4/5/2022,Buy,3722675,-9.52%,4.56,3.3,2.77,477608000
CTO,Cto Realty Growth Inc,NYSE,65.83,REIT - Equity Trust Other,SIC-6798 Real Estate Investment Trusts,4/5/2022,Buy,32540,-2.30%,64.53,62.01,60.22,393390000
CTRA,Coterra Energy Inc,NYSE,26.38,Oil - US Exploration & Product,,4/5/2022,Buy,12827600,-10.53%,25.98,24.3,22.38,21555822000
CTVA,Corteva Inc,NYSE,58.28,Agriculture Operations,,4/5/2022,Buy,4632505,-2.56%,56.58,52.61,49.91,42639832000
CUTR,Cutera Inc,NASDAQ,71.74,Lasers - Systems & Components,,4/5/2022,Buy,418130,-3.55%,53.28,43.46,40.88,1285691000
CVE,Cenovus Energy Inc,NYSE,17.08,Oil - C$ Integrated,SIC-1311 Crude Petroleum & Natural Gas,4/5/2022,Buy,13003140,-3.94%,16.12,15.65,14.2,34318304000
CVI,Cvr Energy Inc,NYSE,26.33,Oil - Refining and Marketing,,4/5/2022,Buy,1103750,-2.45%,23.56,21.28,19.43,2638912000
CVX,Chevron Corp,NYSE,163.36,Oil - International Integrated,,4/5/2022,Buy,17422910,-6.52%,164.7,149.9,134.38,3.20119E+11
CW,Curtiss-Wright Corp,NYSE,150.86,Aerospace - Defense Equipment,,4/5/2022,Buy,284290,-7.44%,151.4,143.95,139.22,5848965000
CYXT,Cyxtera Technologies Inc,NASDAQ,12.57,Technology Services,,4/5/2022,Buy,383580,-7.11%,11.92,11.89,11.43,2257074000
D,Dominion Resources,NYSE,86.09,Utility - Electric Power,,4/5/2022,Buy,3238265,-0.98%,83.06,81.01,78.86,69191024000
DAR,Darling International Inc,NYSE,80.08,Food - Misc & Diversified,,4/5/2022,Buy,1496130,-6.86%,77.61,71.33,69.56,13094038000
DCO,Ducommun Inc,NYSE,52.51,Aerospace - Defense Equipment,,4/5/2022,Buy,37290,-19.71%,52.28,48.52,47.22,638826000
DCP,Dcp Midstream LP,NYSE,33.19,Oil - Production & Pipeline,,4/5/2022,Buy,588815,-9.59%,32.51,31.55,29.53,7053628000
DE,Deere & Company,NYSE,413.71,Machinery - Farm,,4/5/2022,Buy,2105120,-5.54%,410.04,388.12,373.14,1.28067E+11
DK,Delek US Holdings,NYSE,22.35,Oil - Refining and Marketing,,4/5/2022,Buy,1472755,-14.32%,20.57,18.75,17.55,1631592000
DLTR,Dollar Tree Inc,NASDAQ,155.74,Retail - Discount,,4/5/2022,Buy,2264210,-3.94%,154.99,144.29,140.11,35290496000
DMLP,Dorchester Minls,NASDAQ,26.16,Oil - US Royalty Trusts,,4/5/2022,Buy,118585,-4.87%,24.63,23.7,21.64,986760000
DOW,Dow Inc,NYSE,63.49,Chemical - Diversified,,4/5/2022,Buy,5237960,-11.05%,62.62,61.03,58.91,47052856000
DOX,Amdocs Ltd Ord,NASDAQ,82.54,IT Services,SIC-7371 Services-Computer Programming Services,4/5/2022,Buy,593965,-1.71%,81.35,79.49,76.52,10896552000
DRAY,Macondray Capital Acquisition Corp I,NASDAQ,9.9,Unclassified,N/A,4/5/2022,Buy,67865,-2.75%,9.88,9.85,9.84,318983000
DRH,Diamondrock Hospitality Company,NYSE,9.9,REIT - Equity Trust Other,,4/5/2022,Buy,2368545,-10.73%,9.96,9.69,9.55,2160810000
DRQ,Dril-Quip,NYSE,35.06,Oil Field Machinery & Equip,,4/5/2022,Buy,434665,-14.96%,36.33,30.66,25.82,1300177000
DTE,Dte Energy Company,NYSE,134.29,Utility - Electric Power,,4/5/2022,Buy,1141405,-1.35%,129.03,123.6,119.78,25889744000
DUK,Duke Energy Corp,NYSE,112.52,Utility - Electric Power,,4/5/2022,Buy,2536910,-1.42%,108.26,104.53,103.21,86067008000
DVN,Devon Energy Corp,NYSE,58.47,Oil - US Exploration & Product,,4/5/2022,Buy,12449825,-7.57%,59.01,56.16,50.2,40416568000
EAC,Edify Acquisition Corp Cl A,NASDAQ,9.79,Unclassified,SIC-6770 Blank Checks,4/1/2022,Buy,44395,-1.61%,9.78,9.76,9.75,337755000
EBR,Centrais Electricas Brazil ADR,NYSE,8.16,Utility - Electric Power,,4/5/2022,Buy,1452930,-15.09%,7.32,6.87,6.41,13461428000
EC,Ecopetrol S.A. ADR,NYSE,19.31,Emerging Markets Integrated,,4/5/2022,Buy,1396580,-0.92%,18.1,16.51,15.05,39081328000
ECOL,US Ecology Inc,NASDAQ,47.9,Waste Removal Svcs,,4/5/2022,Buy,656690,-0.25%,47.57,43.12,38.02,1510055000
ED,Consolidated Edison Company of New York,NYSE,96.15,Utility - Electric Power,,4/5/2022,Buy,1624630,-0.88%,91.6,87.76,84.86,33797888000
EDN,Empresa Distribuidora Y Comercializadora ADR,NYSE,6.8,Utility - Electric Power,,4/5/2022,Buy,25880,-13.92%,6.64,6.32,5.84,306278000
EGAN,Egain Corp,NASDAQ,11.61,Internet - Software,SIC-7372 Services-Prepackaged Software,4/5/2022,Buy,89630,-15.26%,11.77,11.64,10.95,377298000
EGLE,Eagle Bulk Ship,NASDAQ,63.24,Transportation - Ship,SIC-4412 Deep Sea Foreign Transportation of Freight,4/5/2022,Buy,418060,-10.90%,64.11,56.39,48.99,891326000
EGY,Vaalco Energy Inc,NYSE,7.08,International E&P,,4/5/2022,Buy,1549345,-4.45%,6.36,5.77,4.61,398362000
ELP,Companhia Paranaense DE Energia [Copel] ADR,NYSE,7.8,Utility - Electric Power,,4/5/2022,Buy,1575525,-4.24%,7.38,6.93,6.2,4356596000
EMR,Emerson Electric Company,NYSE,96.56,Machinery - Electrical,,4/5/2022,Buy,3661730,-8.90%,96.54,94.67,93.99,58478676000
ENB,Enbridge Inc,NYSE,46.51,Oil - Production & Pipeline,,4/5/2022,Buy,3606930,-1.92%,45.3,43.65,41.43,94451400000
ENLC,Enlink Midstream Llc,NYSE,9.51,Oil - Refining and Marketing,,4/5/2022,Buy,2595085,-7.49%,9.35,8.87,7.94,4728720000
ENPC,Executive Network Partnering Corp Cl A,NYSE,9.86,Unclassified,SIC-6770 Blank Checks,4/5/2022,Buy,145390,-3.62%,9.85,9.84,9.83,414678000
ENSG,The Ensign Group IN,NASDAQ,89.14,Medical - Nursing Homes,,4/5/2022,Buy,261295,-8.14%,87.41,82.08,81.04,4956638000
EOG,Eog Resources,NYSE,117.83,Oil - US Exploration & Product,,4/5/2022,Buy,4920105,-5.65%,118.99,115.29,103.67,70732552000
EOLS,Evolus Inc,NASDAQ,11.85,Medical Products,,4/5/2022,Buy,464205,-18.28%,11.1,9.53,7.81,671113000
EPAY,Bottomline Tech IN,NASDAQ,56.78,Computer - Software,,4/5/2022,Buy,824075,-0.11%,56.66,56.6,54.06,2553851000
EPD,Enterprise Products Partners LP,NYSE,26.02,Oil Gas Prod Pipeline MLP,,4/5/2022,Buy,5947820,-1.31%,25.16,24.58,23.4,56672936000
EPR,Entertainment Properties Trust,NYSE,53.4,REIT - Equity Trust Retail,,4/5/2022,Buy,533780,-5.13%,53.05,49.17,48.33,4073012000
EPWR,Empowerment & Inclusion Capital I Corp Cl A,NYSE,9.82,Unclassified,SIC-6770 Blank Checks,4/5/2022,Buy,95255,-1.31%,9.79,9.77,9.76,338445000
EQC,Equity Commonwealth,NYSE,27.88,REIT - Equity Trust Other,,4/5/2022,Buy,942165,-4.09%,27.81,26.95,26.43,3199486000
EQD,Equity Distribution Acquisition Corp Cl A,NYSE,9.88,Unclassified,SIC-6770 Blank Checks,4/5/2022,Buy,73085,-1.49%,9.88,9.86,9.84,512325000
EQNR,Equinor ASA ADR,NYSE,36.99,Other Alt Energy,,4/5/2022,Buy,4228520,-3.90%,35.42,32.41,29.56,1.22319E+11
EQT,Eqt Corp,NYSE,36.23,Oil - US Exploration & Product,,4/5/2022,Buy,9818735,-4.61%,30.4,25.69,23.59,13672198000
ERES,East Resources Acquisition Company Cl A,NASDAQ,9.93,Unclassified,SIC-6770 Blank Checks,4/5/2022,Buy,57420,0.00%,9.91,9.89,9.88,428231000
ERF,Enerplus Corp,NYSE,12.6,Oil - C$ Exploration & Product,,4/5/2022,Buy,3015355,-13.61%,12.97,12.45,11.42,3180130000
ESLT,Elbit Systems Ltd,NASDAQ,218.49,Aerospace - Defense Equipment,,4/5/2022,Buy,38320,-8.57%,218.46,194.8,179.36,9562406000
ET,Energy Transfer LP,NYSE,11.19,Oil Gas Prod Pipeline MLP,,4/5/2022,Buy,24008529,-3.99%,10.48,10.2,9.47,36426424000
ETAC,E.Merge Technology Acquisition Corp Cl A,NASDAQ,9.91,Unclassified,SIC-6770 Blank Checks,4/5/2022,Buy,103750,-0.60%,9.9,9.88,9.87,606492000
ETR,Entergy Corp,NYSE,121.31,Utility - Electric Power,,4/5/2022,Buy,1151290,-0.65%,113.14,109.91,108.9,23999142000
EVA,Enviva Partners LP,NYSE,81.05,Building Products - Wood,,4/5/2022,Buy,544105,-2.13%,77.41,73.32,72.31,5417236000
EVH,Evolent Health Inc Cl A Com,NYSE,30.58,Internet - Software,,4/5/2022,Buy,714110,-11.62%,30.73,27.04,26.73,2850151000
EXC,Exelon Corp,NASDAQ,47.8,Utility - Electric Power,,4/5/2022,Buy,7819570,-0.79%,44.99,43.3,41.25,46399684000
EXEL,Exelixis Inc,NASDAQ,22.9,Medical - Biomedical,,4/5/2022,Buy,1912645,-11.14%,21.61,20.18,18.97,7398416000
FANG,Diamondback Energy,NASDAQ,135.48,Oil - US Exploration & Product,,4/5/2022,Buy,2712380,-8.45%,135.71,132.89,122.42,24765358000
FCX,Freeport-Mcmoran Inc,NYSE,49.09,Mining - Non Ferrous,,4/5/2022,Buy,16336070,-5.58%,48.9,45.17,42.61,74048352000
FDUS,Fidus Investment Cor,NASDAQ,20.25,Finance - SBIC & Commercial,,4/5/2022,Buy,132420,-2.32%,19.96,19.02,18.43,492466000
FE,Firstenergy Corp,NYSE,46.64,Utility - Electric Power,SIC-4911 Electric Services,4/5/2022,Buy,4549155,-1.12%,44.64,42.84,41.46,26438520000
FHN,First Horizon Corp,NYSE,23.45,Banks - Southwest,SIC-6021 National Commercial Banks,4/5/2022,Buy,10199405,-3.26%,23.28,20.79,18.84,12612325000
FLMN,Falcon Minerals Corp Cl A,NASDAQ,6.89,Oil - Field Services,,4/5/2022,Buy,884710,-3.77%,6.45,5.87,5.41,601685000
FLNG,Flex Lng Ltd,NYSE,29.4,Transportation - Ship,,4/5/2022,Buy,517425,-2.23%,24.86,22.81,22.39,1506907000
FLOW,SPX Flow Inc,NYSE,86.49,Machinery - Electrical,,4/4/2022,Buy,865610,-2.33%,86.13,85.86,85.28,3637596000
FLR,Fluor Corp,NYSE,28.74,Engineering & R&D Services,,4/5/2022,Buy,2002970,-6.57%,28.95,24.71,24.06,4137805000
FLS,Flowserve Corp,NYSE,35.56,Machinery - General Industrial,,4/5/2022,Buy,1823230,-19.89%,34.5,33.07,32.26,4672304000
FLT,Fleetcor Technologies,NYSE,256.5,Financial Transaction Services,,4/5/2022,Buy,372745,-13.16%,241.28,237.76,232.14,19770836000
FMC,FMC Corp,NYSE,133.7,Chemical - Diversified,SIC-2800 Chemicals & Allied Products,4/5/2022,Buy,1371160,-2.14%,129.91,120.81,113.87,16644312000
FMX,Fomento Economico Mexicano S.A.B. DE C.V. ADR,NYSE,80.77,Beverages - Soft,,4/5/2022,Buy,475965,-9.84%,80.85,78.46,77.35,29455990000
FNV,Franco Nev Corp,NYSE,160.62,Mining - Gold,SIC-1040 Gold and Silver Ores,4/5/2022,Buy,808610,-4.60%,158.15,148.68,142.16,31151084000
FPI,Farmland Partners Inc,NYSE,13.83,REIT - Equity Trust Other,,4/5/2022,Buy,607840,-6.74%,13.51,12.33,12.14,646324000
FRO,Frontline Ltd,NYSE,9.28,Transportation - Ship,,4/5/2022,Buy,2434050,-10.98%,8.63,8.19,7.68,1925403000
FSK,FS KKR Capital Corp,NYSE,23.02,Finance - SBIC & Commercial,,4/5/2022,Buy,1478155,-1.81%,22.54,22.3,21.79,6555381000
FTS,Fortis Inc,NYSE,50.75,Utility - Electric Power,,4/5/2022,Buy,540700,-1.07%,48.32,47.13,46.56,23904904000
FWONK,Liberty Media F1 Series K,NASDAQ,69.55,Media Conglomerates,SIC-4833 Television Broadcasting Stations,4/5/2022,Buy,1292470,-1.42%,63.63,61.81,61.46,16124055000
GBT,Global Blood Ther,NASDAQ,37.39,Medical - Biomedical,,4/5/2022,Buy,988810,-14.98%,32.83,30.76,30.15,2417823000
GD,General Dynamics Corp,NYSE,239.15,Aerospace - Defense,SIC-3730 Ship & Boat Building & Repairing,4/5/2022,Buy,1523245,-6.21%,237.6,226.66,215.17,66538472000
GDDY,Godaddy Inc,NYSE,85.72,Internet Services - Delivery,,4/5/2022,Buy,1655025,-5.21%,81.91,79.94,77.08,14624964000
GDEN,Golden Entmt,NASDAQ,56,Gaming,,4/5/2022,Buy,289745,-6.60%,56.72,52.96,50.45,1687316000
GEL,Genesis Energy LP,NYSE,12.51,Oil Refining & Marketing MLP,,4/5/2022,Buy,641700,-7.20%,12.01,11.76,11.43,1484444000
GGAL,Grupo Fin Galicia ADR,NASDAQ,10.62,Banks - Foreign,,4/5/2022,Buy,566145,-16.71%,10.48,9.86,9.71,1623634000
GGB,Gerdau S.A. ADR,NYSE,6.4,Steel - Producers,,4/5/2022,Buy,11952795,-11.94%,6.09,5.59,5.23,11143398000
GLNG,Golar Lng Ltd,NASDAQ,24.73,Transportation - Ship,SIC-4400 Water Transportation,4/5/2022,Buy,2156785,-5.72%,21.52,17.92,15.22,2723313000
GLP,Global Partners LP,NYSE,27.3,Oil Refining & Marketing MLP,,4/5/2022,Buy,100365,-5.57%,27,26.63,25.2,954720000
GNK,Genco Shipping & Trading Ltd,NYSE,22.15,Transportation - Ship,,4/5/2022,Buy,1223530,-9.42%,21.84,19.57,17.41,931468000
GO,Grocery Outlet Holding Corp,NASDAQ,34.21,Consumer Prdts - Misc Staple,,4/5/2022,Buy,793395,-19.11%,31.74,28.6,28.15,3244062000
GOAC,Go Acquisition Corp Cl A,NYSE,9.92,Unclassified,SIC-6770 Blank Checks,4/5/2022,Buy,38205,-1.29%,9.9,9.88,9.87,570406000
GOGO,Gogo Inc,NASDAQ,19.19,Wireless National,,4/5/2022,Buy,1062740,-3.95%,18.27,15.38,14.4,2193167000
GOLD,Barrick Gold Corp,NYSE,24.46,Mining - Gold,,4/5/2022,Buy,21044766,-6.18%,24.33,22.51,20.74,44234168000
GPRK,Geopark Hlds Lmtd,NYSE,16.05,Oil - US Exploration & Product,,4/5/2022,Buy,260800,-8.68%,14.66,14.56,13.31,943327000
GRIN,Grindrod Shipping Holdings Ltd,NASDAQ,24.02,Transportation - Ship,,4/5/2022,Buy,423965,-15.62%,23.76,21.88,18.79,498190000
GSAQ,Global Synergy Acquisition Corp,NASDAQ,9.95,Unclassified,SIC-6770 Blank Checks,4/5/2022,Buy,54610,-0.10%,9.92,9.89,9.86,321360000
HAAC,Health Assurance Acquisition Corp Cl A,NASDAQ,9.84,Unclassified,SIC-6770 Blank Checks,4/5/2022,Buy,74935,-8.47%,9.83,9.81,9.8,544890000
HAL,Halliburton Company,NYSE,37.53,Oil - Field Services,,4/5/2022,Buy,12897510,-5.16%,37.15,34.32,29.16,34837636000
HCC,Warrior Met Coal Inc,NYSE,35.28,Coal,,4/5/2022,Buy,881010,-17.86%,38.06,33.78,28.93,1830126000
HE,Hawaiian Electric Industries,NYSE,42.66,Utility - Electric Power,,4/5/2022,Buy,410520,-7.20%,41.88,41.59,41.2,4649723000
HEI,Heico Corp,NYSE,155.39,Aerospace - Defense Equipment,,4/5/2022,Buy,380020,-2.45%,151.04,145.1,144.49,21360910000
HES,Hess Corp,NYSE,107.63,Oil - US Integrated,,4/5/2022,Buy,2722795,-3.61%,102.52,97.96,89.02,33980148000
HHC,Howard Hughes Corp,NYSE,102.17,Real Estate Developers,SIC-6798 Real Estate Investment Trusts,4/5/2022,Buy,203815,-9.74%,99.47,96.32,95.61,5623653000
HHLA,HH&L Acquisition Co. Cl A,NYSE,9.81,Unclassified,SIC-6770 Blank Checks,4/5/2022,Buy,149690,-1.90%,9.78,9.75,9.74,507668000
HIG,Hartford Financial Services Group,NYSE,71.47,Insurance - Multi Line,,4/5/2022,Buy,2370635,-8.57%,70.64,70.38,70.01,23553570000
HIGA,H.I.G. Acquisition Corp Cl A,NYSE,9.87,Unclassified,N/A,4/5/2022,Buy,153930,-1.79%,9.85,9.83,9.82,449016000
HLLY,Holley Inc,NYSE,13.72,Auto - Truck Original Parts,,4/5/2022,Buy,290940,-6.54%,13.89,12.92,12.77,1631843000
HMHC,Houghton Mifflin Har,NASDAQ,21.01,Business Services,,4/5/2022,Buy,5778470,-0.57%,20.97,19.8,17.89,2689951000
HP,Helmerich & Payne,NYSE,44.03,Oil & Gas - Drilling,,4/5/2022,Buy,1627870,-3.76%,42.02,36.97,31.49,4725569000
HPK,Highpeak Energy Inc,NASDAQ,22.58,Oil - US Exploration & Product,SIC-1381 Drilling Oil & Gas Wells,4/5/2022,Buy,99115,-13.15%,21.63,20.45,17.89,2194009000
HRB,H&R Block,NYSE,26.06,Consumer Services - Misc,,4/5/2022,Buy,2246120,-2.91%,25.81,24.82,24.23,4218754000
HRL,Hormel Foods Corp,NYSE,52.27,Food - Meat Products,,4/5/2022,Buy,1740065,-1.72%,50.47,49.08,47.72,28176398000
HRMY,Harmony Biosciences Holdings Inc,NASDAQ,49.94,Medical - Biomedical,,4/5/2022,Buy,508280,-5.33%,48.37,42.27,40.66,2935358000
HSIC,Henry Schein Inc,NASDAQ,87.14,Medical - Dental Suppliers,,4/5/2022,Buy,854270,-2.62%,87.16,83.11,79.46,12031444000
HST,Host Marriott Financial Trust,NASDAQ,19.01,REIT - Equity Trust Other,,4/5/2022,Buy,7990890,-6.10%,18.83,18.25,17.64,13890219000
HSY,Hershey Foods Corp,NYSE,218.41,Food - Confectionery,,4/5/2022,Buy,936360,-1.40%,210.79,205.81,196.79,44439000000
HWM,Howmet Aerospace Inc,NYSE,34.45,Engineering & R&D Services,,4/5/2022,Buy,2594830,-8.52%,35.57,34.35,32.89,15302949000
HXL,Hexcel Corp,NYSE,56.3,Aerospace - Defense Equipment,,4/5/2022,Buy,693945,-13.37%,57.54,55.37,54.79,4926191000
IAG,Iamgold Corp,NYSE,3.47,Mining - Gold,,4/5/2022,Buy,6740330,-9.75%,3.41,3.09,3.05,1726693000
ICL,Israel Chemicals Ltd,NYSE,11.79,Chemical - Specialty,,4/5/2022,Buy,1474880,-7.17%,11.52,10.72,10.18,15334400000
IFS,Intercorp Financial Services Inc,NYSE,36.04,Finance - Misc Services,,4/5/2022,Buy,44835,-4.25%,34.05,32.81,29.57,4215138000
IGAC,IG Acquisition Corp Cl A,NASDAQ,9.87,Unclassified,SIC-6770 Blank Checks,4/5/2022,Buy,42795,-1.74%,9.85,9.84,9.83,370125000
IIIV,I3 Verticals Inc Cl A,NASDAQ,29.64,Internet - Software,"SIC-7389 Services-Business Services, NEC",4/5/2022,Buy,148470,-14.11%,26.61,25.42,23.67,929722000
IIVI,I I V I Inc,NASDAQ,68.62,Machinery - Electrical,,4/5/2022,Buy,1159820,-17.77%,69.59,67.71,67.31,7542270000
IMKTA,Ingles Markets Inc,NASDAQ,88.89,Retail - Supermarket,,4/5/2022,Buy,110855,-7.16%,90.93,85.83,84.12,1710979000
IMXI,International Money Express Inc,NASDAQ,21.21,Financial Transaction Services,,4/5/2022,Buy,509900,-3.50%,20.41,17.74,16.81,824603000
INCY,Incyte Corp,NASDAQ,80.7,Medical - Biomedical,SIC-8731 Services-Commercial Physical & Biological Re,4/5/2022,Buy,1500365,-8.57%,76.84,72.86,71.52,17907406000
INN,Summit Hotel Properties,NYSE,9.68,REIT - Equity Trust Other,,4/5/2022,Buy,706990,-11.52%,9.93,9.8,9.68,1072950000
INSW,International Seaways Inc,NYSE,18.73,Transportation - Ship,SIC-4400 Water Transportation,4/5/2022,Buy,637890,-11.94%,17.44,16.73,16.01,928512000
INVA,Innoviva Inc,NASDAQ,19.61,Large Cap Pharma,,4/5/2022,Buy,1183315,-5.29%,19.12,18.26,17.64,1380885000
IPI,Intrepid Potash Inc,NYSE,83.52,Fertilizers,,4/5/2022,Buy,768930,-11.03%,79.15,60.77,51.45,1124801000
IRM,Iron Mountain Inc,NYSE,55.27,REIT - Equity Trust Other,,4/5/2022,Buy,1944220,-2.19%,52.2,48.57,48.29,16217444000
IRS,Irsa Inversiones Y Representaciones S.A. ADR,NYSE,4.83,Real Estate Developers,,4/5/2022,Buy,46125,-8.00%,4.93,4.65,4.46,328023000
IRT,Independence Realty Trust Inc,NYSE,26.26,REIT - Equity Trust Resident,,4/5/2022,Buy,7218255,-4.89%,26.04,24.97,24.67,5920587000
IRTC,Irhythm Technologies Inc,NASDAQ,160.26,Medical Information Systems,,4/5/2022,Buy,428975,-5.47%,141.16,131.19,121.1,4958479000
IRWD,Ironwood Pharmaceuti,NASDAQ,12.47,Medical - Drugs,,4/5/2022,Buy,2363210,-12.61%,12.35,11.53,11.52,2014158000
ISEE,Iveric Bio Inc,NASDAQ,18.29,Medical - Biomedical,,4/5/2022,Buy,1878915,-5.45%,16.15,15.32,15.17,2187373000
ITCI,Intra-Cellular Ther,NASDAQ,63.21,Medical - Biomedical,,4/5/2022,Buy,894265,-3.78%,60.08,55.37,48.87,5904846000
ITUB,Itau Unibanco Banco Holding S.A. ADR,NYSE,5.66,Banks - Foreign,,4/5/2022,Buy,46713270,-16.27%,5.4,5.04,4.5,57428000000
IVT,Inventrust Pptys Corp,NYSE,31.29,REIT - Equity Trust Other,,4/5/2022,Buy,375760,-2.81%,29.3,27.41,26.79,2126050000
JAZZ,Jazz Pharma Plc,NASDAQ,162.88,Medical - Drugs,,4/5/2022,Buy,478460,-13.82%,157.75,147.96,139.32,9923308000
JKHY,Jack Henry & Assoc,NASDAQ,203.75,Electronic Misc Services,,4/5/2022,Buy,586495,-0.60%,189.59,178.37,170.02,14611606000
JNJ,Johnson & Johnson,NYSE,177.61,Large Cap Pharma,,4/5/2022,Buy,7450385,-1.44%,175.22,170.88,168.54,4.63987E+11
JNPR,Juniper Networks,NYSE,36.29,Wireless Equipment,,4/5/2022,Buy,5012565,-4.85%,35.49,34.54,33.94,11867314000
JOE,St. Joe Company,NYSE,60.58,Real Estate Developers,,4/5/2022,Buy,223075,-2.62%,57.33,52.62,51.53,3578908000
JXN,Jackson Financial Inc Cl A,NYSE,42.23,Finance - Misc Services,,4/5/2022,Buy,1173830,-11.58%,43.2,41.19,39.98,4004329000
KAR,Kar Auction Services Inc,NYSE,17.7,Retail - Misc & Diversified,,4/5/2022,Buy,1081005,-19.91%,18.23,16.15,15.89,2180046000
KBR,KBR Inc,NYSE,54.16,Engineering & R&D Services,SIC-1600 Heavy Construction Other Than Bldg Const - C,4/5/2022,Buy,1815645,-3.41%,53.89,49.39,47.71,7535845000
KHC,Kraft Heinz Company,NASDAQ,39.59,Food - Misc & Diversified,"SIC-2030 Canned, Frozen & Preserved Fruit, Veg & Food",4/5/2022,Buy,5594330,-11.92%,38.52,37.68,36.72,48861024000
KIII,Kismet Acquisition Three Corp Cl A,NASDAQ,9.8,Unclassified,SIC-6770 Blank Checks,4/5/2022,Buy,101065,-1.71%,9.76,9.73,9.72,356650000
KIM,Kimco Realty Corp,NYSE,24.15,REIT - Equity Trust Retail,,4/5/2022,Buy,3850245,-5.74%,24.2,24,23.92,15206888000
KINZ,Kins Technology Group Inc Cl A,NASDAQ,10.07,Unclassified,SIC-6770 Blank Checks,4/5/2022,Buy,57515,0.00%,10.04,10.01,9.99,346380000
KMI,Kinder Morgan,NYSE,18.92,Oil - Production & Pipeline,,4/5/2022,Buy,17943930,-2.47%,18.33,17.79,17.09,43762460000
KNOP,Knot Offshore Partners LP,NYSE,17.52,Transportation - Ship,,4/5/2022,Buy,203700,-13.86%,16.13,15.61,15.29,597997000
KOS,Kosmos Energy Ltd,NYSE,7.56,International E&P,,4/5/2022,Buy,12963275,-7.99%,6.67,5.49,4.65,3646673000
KR,Kroger Company,NYSE,57.65,Retail - Supermarket,,4/5/2022,Buy,6736310,-7.88%,56.43,50.71,47.75,41546808000
KRO,Kronos Worldwide Inc,NYSE,15.47,Chemical - Diversified,,4/5/2022,Buy,152840,-15.97%,15.53,14.82,14.77,1814238000
KT,Korea Telecom Corp ADR,NYSE,15.16,Wireless Non-US,,4/5/2022,Buy,1202235,-1.24%,13.93,13.48,13.25,7484725000
KZR,Kezar Life Sciences Inc,NASDAQ,16.51,Medical - Biomedical,,4/5/2022,Buy,990030,-11.00%,16.02,14.68,14.19,971494000
L,Loews Corp,NYSE,63.3,Insurance - Multi Line,,4/5/2022,Buy,929135,-4.09%,63.69,61.87,59.72,15734721000
LAND,Gladstone Land Corp,NASDAQ,37.43,REIT - Equity Trust Other,SIC-6798 Real Estate Investment Trusts,4/5/2022,Buy,351320,-3.16%,36.09,32.63,31.6,1271585000
LBRT,Liberty Oilfield Services Inc,NYSE,15.01,Oil - Field Services,,4/5/2022,Buy,1863115,-15.58%,14.58,13.21,11.84,2897499000
LCAP,Lionheart Acquisition Corp II Cl A,NASDAQ,10.18,Medical Services,,4/5/2022,Buy,56765,-2.12%,10.09,10.05,10.01,300000000
LDOS,Leidos Holdings Inc,NYSE,107.2,Aerospace - Defense,,4/5/2022,Buy,1002950,-2.21%,105.86,98.39,94.39,14619952000
LHX,L3Harris Technologies Inc,NYSE,256.44,Aerospace - Defense,,4/5/2022,Buy,1461540,-8.32%,252.04,237.72,227.02,48774680000
LLNW,Limelight Networks,NASDAQ,5.07,Internet - Services,,4/5/2022,Buy,2289685,-8.65%,4.89,4.39,3.84,729562000
LLY,Eli Lilly and Company,NYSE,292.49,Large Cap Pharma,,4/5/2022,Buy,3020710,-1.13%,282.88,260.48,259.42,2.77533E+11
LMT,Lockheed Martin Corp,NYSE,447.24,Aerospace - Defense,,4/5/2022,Buy,2479655,-6.82%,441.86,419.56,384.65,1.18344E+11
LND,Brasilagro ADR,NYSE,7.12,Agriculture Operations,,4/5/2022,Buy,74345,-2.06%,6.75,6.21,5.52,440317000
LNT,Alliant Energy Corp,NASDAQ,63.28,Utility - Electric Power,,4/5/2022,Buy,1118630,-1.16%,61.32,59.49,59.15,15722839000
LNTH,Lantheus Holdings,NASDAQ,57.34,Medical Products,,4/5/2022,Buy,1447510,-3.03%,54.17,41.91,34.86,3862801000
LOPE,Grand Canyon Educati,NASDAQ,97.85,Schools,,4/5/2022,Buy,358110,-15.62%,95.71,88.63,84.93,3428485000
LPG,Dorian Lpg Ltd,NYSE,14.77,Transportation - Ship,,4/5/2022,Buy,521705,-5.80%,14.05,13.34,13.08,576396000
LPI,Laredo Petroleum Holdings Inc,NYSE,81.12,Oil - US Exploration & Product,,4/5/2022,Buy,878460,-18.28%,76.22,73.76,69.72,1463226000
LPLA,Lpl Financial Holdings,NASDAQ,186.4,Finance - Investment Brokers,,4/5/2022,Buy,629090,-5.04%,177.29,175.82,170.25,14745484000
LQDA,Liquidia Corp,NASDAQ,7.21,Medical - Biomedical,,4/5/2022,Buy,566630,-6.49%,6.96,6.45,5.65,369936000
LRN,Stride Inc,NYSE,36.03,Schools,,4/5/2022,Buy,371945,-6.17%,34.74,34.2,33.53,1571603000
LTC,Ltc Properties,NYSE,36.86,REIT - Equity Trust Other,,4/5/2022,Buy,292675,-16.02%,37.05,35.43,34.75,1507206000
LXU,Lsb Industries Inc,NYSE,22.33,Conglomerates - Div Operations,,4/5/2022,Buy,1008155,-10.43%,21.72,16.51,13.22,2050120000
LYB,Lyondellbasell Industries NV,NYSE,101.95,Chemical - Diversified,,4/5/2022,Buy,2761920,-13.61%,103.3,100.42,96.46,33627584000
LYV,Live Nation Entertainment,NYSE,113.61,Leisure & Recreation Services,,4/5/2022,Buy,2027925,-11.07%,114.2,113.83,113.19,26094802000
MANT,Mantech Intl Cp A,NASDAQ,86.2,Computer - Services,,4/5/2022,Buy,270085,-6.30%,86.33,82.05,77.26,3478815000
MAXR,Maxar Technologies Ltd,NYSE,38.81,Satellite Communication,,4/5/2022,Buy,885660,-8.88%,36.45,31.52,30.31,2869540000
MBI,MBIA Inc,NYSE,14.79,Insurance - Multi Line,,4/5/2022,Buy,355630,-17.37%,14.95,14.63,13.95,861192000
MCK,Mckesson Corp,NYSE,307,Medical - Dental Suppliers,,4/5/2022,Buy,1383880,-1.52%,298.07,280.41,258.14,45802240000
MCRI,Monarch Casino,NASDAQ,86.97,Gaming,,4/5/2022,Buy,87175,-2.35%,85.27,77.39,73.55,1662893000
MCY,Mercury General Corp,NYSE,54.93,Insurance - Proprty & Casualty,,4/5/2022,Buy,195765,-19.08%,54.17,53.83,53.3,3056479000
MDRX,Allscripts Hlthcare,NASDAQ,22.7,Medical Information Systems,,4/5/2022,Buy,1665455,-2.32%,22.06,21.17,19.35,2790965000
MEOH,Methanex Cp,NASDAQ,54.63,Chemical - Diversified,,4/5/2022,Buy,407475,-3.70%,53.72,50.8,46.54,4092879000
MET,Metlife Inc,NYSE,70.01,Insurance - Multi Line,,4/5/2022,Buy,4669405,-3.50%,68.6,68.07,65.47,57458432000
MFC,Manulife Financial Corp,NYSE,21.47,Insurance - Life,,4/5/2022,Buy,4499740,-3.38%,20.65,20.63,19.97,41478160000
MGI,Moneygram Intl,NASDAQ,10.63,Finance - Misc Services,"SIC-7389 Services-Business Services, NEC",4/5/2022,Buy,3268180,-14.00%,10.64,10.15,8.7,1020356000
MGRC,Mcgrath Rentcorp,NASDAQ,84.53,Finance - Leasing Companies,"SIC-7359 Services-Equipment Rental & Leasing, NEC",4/5/2022,Buy,94120,-4.92%,84.8,80.07,79.26,2030320000
MGY,Magnolia Oil & Gas Corp,NYSE,24.03,Oil - US Exploration & Product,SIC-1311 Crude Petroleum & Natural Gas,4/5/2022,Buy,2546575,-6.13%,23.6,22.47,21.12,5478801000
MIRM,Mirum Pharmaceuticals Inc,NASDAQ,24.24,Medical - Biomedical,,4/5/2022,Buy,165550,-2.73%,22.57,21.63,18.54,763741000
MKL,Markel Corp,NYSE,1473.6899,Insurance - Proprty & Casualty,,4/5/2022,Buy,91100,-2.60%,1428.89,1316.91,1278.62,20051360000
MMI,Marcus & Millichap,NYSE,56.83,Real Estate Developers,,4/5/2022,Buy,170250,-2.57%,49.52,48.2,48.03,2221617000
MMP,Magellan Midstream Partners LP,NYSE,49.71,Oil Gas Prod Pipeline MLP,,4/5/2022,Buy,1107545,-7.69%,48.93,48.58,47.64,10630270000
MNDT,Mandiant Inc,NASDAQ,22.45,Security,,4/5/2022,Buy,10306010,-3.77%,22.18,19.43,18.19,5237725000
MNRL,Brigham Minerals Inc,NYSE,26.74,Mining - Misc,,4/5/2022,Buy,676270,-5.18%,25.04,23.72,22.73,1579726000
MO,Altria Group,NYSE,52.64,Tobacco,,4/5/2022,Buy,9435935,-2.45%,52.02,51.4,49.01,95805792000
MOG.A,Moog Inc Cl A,NYSE,86.87,Aerospace - Defense Equipment,,4/5/2022,Buy,129040,-5.52%,86.66,81.74,79.55,2830896000
MOH,Molina Healthcare Inc,NYSE,329.29,Medical - HMO,,4/5/2022,Buy,382840,-5.27%,331.6,314.62,307.38,19284380000
MOS,Mosaic Company,NYSE,67.75,Fertilizers,,4/5/2022,Buy,11269035,-5.24%,64.25,53.81,45.87,24676702000
MP,Mp Materials Corp,NYSE,54.47,Mining - Misc,,4/5/2022,Buy,3281745,-9.50%,50.16,44.29,44.25,10342606000
MPC,Marathon Petroleum Corp,NYSE,84.71,Oil - Refining and Marketing,,4/5/2022,Buy,6664520,-2.74%,80.36,78.01,71.78,47517888000
MPLX,Mplx LP,NYSE,33.62,Oil - Production & Pipeline,,4/5/2022,Buy,2025430,-2.79%,32.93,32.74,31.36,34379616000
MRC,Mrc Global Inc,NYSE,11.43,Steel - Pipe & Tube,,4/5/2022,Buy,941780,-8.49%,11.66,9.98,8.73,986752000
MRCY,Mercury Sys Inc,NASDAQ,65.32,Computers - Peripheral Equpt,,4/5/2022,Buy,509805,-17.78%,65.7,60.29,56.47,3748035000
MRK,Merck & Company,NYSE,83.72,Large Cap Pharma,,4/5/2022,Buy,10152335,-8.40%,80.22,78.73,78.45,2.10891E+11
MRO,Marathon Oil Corp,NYSE,24.8,Oil - US Integrated,SIC-1311 Crude Petroleum & Natural Gas,4/5/2022,Buy,22071355,-6.06%,24.3,22.66,19.66,18766046000
MSGE,Madison Square Garden Entertainment Corp,NYSE,81.01,Leisure & Recreation Services,,4/5/2022,Buy,220410,-15.61%,79.9,76.53,73.21,2840633000
MTAL,Metals Acquisition Corp Cl A,NYSE,9.98,Unclassified,N/A,4/5/2022,Buy,294830,-1.67%,9.88,9.75,9.73,330767000
MTOR,Meritor Inc,NYSE,35.5,Auto - Truck Original Parts,,4/5/2022,Buy,1160425,-2.04%,35.52,31.11,28.44,2525252000
MUR,Murphy Oil Corp,NYSE,39.9,Oil - US Exploration & Product,,4/5/2022,Buy,2035980,-7.64%,39.47,35.81,31.92,6472548000
NBIX,Neurocrine Bioscienc,NASDAQ,97.05,Medical - Drugs,,4/5/2022,Buy,645825,-10.15%,93.12,87.43,85.11,9286191000
NBR,Nabors Industries,NYSE,158.27,Oil & Gas - Drilling,,4/5/2022,Buy,205275,-7.58%,153.31,134.98,113.34,1415977000
NE,Noble Corp Plc,NYSE,34.06,Oil & Gas - Drilling,,4/5/2022,Buy,534565,-7.42%,33.08,29.18,27.02,2147548000
NEM,Newmont Mining Corp,NYSE,79.86,Mining - Misc,,4/5/2022,Buy,8491305,-4.61%,77.28,70.31,64.45,64394604000
NEX,Nextier Oilfield Solutions Inc,NYSE,9.7,Oil - Field Services,,4/5/2022,Buy,3598020,-9.68%,9.08,7.88,6.06,2462330000
NEXT,Nextdecade Corp,NASDAQ,5.98,Oil Gas Prod Pipeline MLP,,4/5/2022,Buy,2191905,-18.41%,4.8,3.48,3.27,761107000
NFE,New Fortress Energy Llc,NASDAQ,45.11,Oil - International Integrated,SIC-4924 Natural Gas Distribution,4/5/2022,Buy,1685555,-16.01%,35.76,29.15,26.88,9989415000
NFG,National Fuel Gas Company,NYSE,69.34,Utility - Gas Distribution,,4/5/2022,Buy,616505,-2.61%,67.42,63.78,62.85,6306893000
NGG,National Grid Transco Plc ADR,NYSE,78.63,Utility - Electric Power,,4/5/2022,Buy,365340,-1.34%,75.14,74.23,72.01,56051424000
NGVC,Natural Grocers By Vitamin Cottage Inc,NYSE,19.95,Food Items - Wholesale,,4/5/2022,Buy,99985,-9.28%,18.6,17.49,15.6,458541000
NI,NiSource Inc,NYSE,31.86,Utility - Electric Power,,4/5/2022,Buy,3935280,-1.06%,30.66,29.56,28.04,12858812000
NJR,Newjersey Resources Corp,NYSE,45.88,Utility - Gas Distribution,,4/5/2022,Buy,473975,-2.86%,44.79,42.63,40.98,4426491000
NMFC,New Mountain Finance Corp,NASDAQ,13.71,Finance - SBIC & Commercial,,4/5/2022,Buy,469705,-2.83%,13.69,13.58,13.57,1361178000
NOC,Northrop Grumman Corp,NYSE,454.01,Aerospace - Defense,,4/5/2022,Buy,967820,-7.50%,445.43,419.6,398.08,70603376000
NOG,Northern Oil and Gas,NYSE,28.52,Oil - US Exploration & Product,,4/5/2022,Buy,1327300,-6.30%,27.06,25.37,23.25,2298575000
NOV,Nov Inc,NYSE,19.37,Technology Services,,4/5/2022,Buy,4710675,-19.49%,19.86,18.24,16.01,7908273000
NREF,Nexpoint Real Estate Finance Inc,NYSE,22.61,REIT - Mortgage Trusts,,4/5/2022,Buy,69635,-5.67%,22.34,21.2,20.86,328183000
NRGV,Energy Vault Hldgs Inc,NYSE,21.64,Other Alt Energy,"SIC-3690 Miscellaneous Electrical Machinery, Equipmen",4/5/2022,Buy,775245,-2.08%,14.2,12.28,11.11,654071000
NRP,Natural Resource Partners LP,NYSE,42.59,Coal,,4/5/2022,Buy,38375,-6.68%,41.46,38.89,35.76,550360000
NTR,Nutrien Ltd,NYSE,101.2,Fertilizers,,4/5/2022,Buy,4494905,-7.02%,101.95,87.5,79.06,56742004000
NTUS,Natus Medical Inc,NASDAQ,25.36,Medical Instruments,,4/5/2022,Buy,151585,-14.61%,25.62,24.67,24.37,884974000
NUE,Nucor Corp,NYSE,148.8,Steel - Producers,,4/5/2022,Buy,3232005,-5.64%,143.38,128.21,120.09,40187836000
NVGS,Navigator Holdings,NYSE,12.15,Transportation - Ship,,4/5/2022,Buy,125605,-6.32%,11.63,10.49,9.74,680230000
NVST,Envista Holdings Corp,NYSE,46.96,Medical Products,,4/5/2022,Buy,2300100,-9.74%,48.34,46.68,44.7,7706155000
NWE,Northwestern Corp,NASDAQ,60.98,Utility - Electric Power,,4/5/2022,Buy,411435,-13.87%,59.3,59.06,57.73,3255558000
NXE,Nexgen Energy Ltd,NYSE,5.49,Mining - Misc,SIC-1090 Miscellaneous Metal Ores,4/5/2022,Buy,2356555,-15.54%,5.56,4.93,4.78,2617377000
NXGN,Nextgen Healthcare Inc,NASDAQ,21.07,Medical Information Systems,,4/5/2022,Buy,361855,-2.99%,20.23,19.55,18.4,1420212000
NXRT,Nexpoint Residential Trust Inc,NYSE,88.14,REIT - Equity Trust Resident,,4/5/2022,Buy,103870,-5.04%,88.68,84.57,81.78,2292870000
NXST,Nexstar Media Group Inc,NASDAQ,184.5,Broadcast - Radio & TV,,4/5/2022,Buy,398165,-4.32%,185.56,179.27,167.7,7637628000
OAS,Oasis Petroleum Inc,NASDAQ,143.68,Oil - US Exploration & Product,,4/5/2022,Buy,380955,-9.34%,147.34,140.39,133.62,2889435000
ODP,Office Depot,NASDAQ,44.79,Retail - Misc & Diversified,,4/5/2022,Buy,351550,-12.86%,45.46,44.33,42.13,2233796000
OGE,Oge Energy Corp,NYSE,41.29,Utility - Electric Power,SIC-4911 Electric Services,4/5/2022,Buy,1303155,-0.84%,39.49,38.22,37.36,8212286000
OGS,One Gas Inc,NYSE,89.11,Utility - Gas Distribution,,4/5/2022,Buy,316165,-0.87%,85.89,81.66,77.43,4740084000
OII,Oceaneering International,NYSE,14.94,Oil - Field Services,,4/5/2022,Buy,1029085,-17.91%,15.61,14.9,13.46,1548546000
OKE,Oneok Inc,NYSE,69.84,Oil Gas Prod Pipeline MLP,,4/5/2022,Buy,2842885,-3.50%,68.65,65.32,63.07,31756980000
OMAB,Grupo Aeroportuario ADR,NASDAQ,62.49,Transportation - Services,,4/5/2022,Buy,53185,-0.90%,57.12,56.49,53.99,2625328000
OMC,Omnicom Group Inc,NYSE,81.32,Advertising Marketing Services,,4/5/2022,Buy,2082830,-11.23%,82.62,81.48,76.88,16978012000
OSBC,Old Second Bancorp,NASDAQ,14.11,Banks - Midwest,,4/5/2022,Buy,258475,-8.85%,14.47,14.2,13.6,635792000
OUT,Outfront Media Inc,NYSE,27.74,REIT - Equity Trust Other,,4/5/2022,Buy,1352785,-5.52%,28.09,26.4,26.18,4178163000
OVV,Ovintiv Inc,NYSE,51.66,Oil - C$ Exploration & Product,,4/5/2022,Buy,4472500,-8.26%,50.22,45.2,40.26,13986154000
OXY,Occidental Petroleum Corp,NYSE,55.72,Oil - US Integrated,,4/5/2022,Buy,44022285,-11.89%,57.36,48.1,39.58,54143968000
PAC,Grupo Aeroportuario Del Pacifico ADR,NYSE,162.44,Transportation - Services,,4/5/2022,Buy,69215,-2.87%,145.64,142.78,136.9,8414526000
PAM,Pampa Energia S.A. ADR,NYSE,23.97,Utility - Electric Power,,4/5/2022,Buy,147255,-4.12%,22.67,21.47,20.12,1328171000
PANW,Palo Alto Networks Inc,NASDAQ,621.14,Security,"SIC-3577 Computer Peripheral Equipment, NEC",4/5/2022,Buy,1672220,-2.32%,588.84,548.29,538.78,61857800000
PBA,Pembina Pipeline Cor,NYSE,37.87,Oil - Production & Pipeline,,4/5/2022,Buy,1252655,-2.42%,37.07,34.75,32.8,21012822000
PBF,PBF Energy Inc,NYSE,25.46,Oil - Refining and Marketing,,4/5/2022,Buy,3658965,-4.61%,22.98,20.06,17.01,3004840000
PBFX,PBF Logistics LP,NYSE,14.68,Oil Gas Prod Pipeline MLP,SIC-4610 Pipe Lines (No Natural Gas),4/5/2022,Buy,175460,-12.10%,13.64,13.58,12.8,886388000
PBR,Petroleo Brasileiro S.A. Petrobras ADR,NYSE,14.91,Emerging Markets Integrated,,4/5/2022,Buy,30114520,-2.71%,14.1,13.97,12.49,98809832000
PBR.A,Petroleo Brasileiro Sa Petrobr ADR,NYSE,13.85,Emerging Markets Integrated,,4/5/2022,Buy,13405610,-3.55%,13.11,12.87,11.57,92548608000
PCPC,Periphas Capital Partnering Corp Cl A,NYSE,24.56,Unclassified,N/A,4/5/2022,Buy,90975,-0.97%,24.5,24.43,24.38,413595000
PCRX,Pacira Pharm Inc,NASDAQ,76.61,Medical - Drugs,,4/5/2022,Buy,462595,-2.52%,74.16,68.64,63.52,3468992000
PDCE,Pdc Energy Inc,NASDAQ,73.16,Oil - US Exploration & Product,,4/5/2022,Buy,1088015,-6.36%,71.25,64.84,58.52,7318191000
PDCO,Patterson Companies,NASDAQ,32.57,Medical - Dental Suppliers,,4/5/2022,Buy,462315,-12.84%,31.67,30.16,30.08,3225431000
PDS,Precision Drilling Corp,NYSE,77.43,Oil & Gas - Drilling,,4/5/2022,Buy,81890,-2.12%,68.12,58.05,47.22,1062466000
PEB,Pebblebrook Hotel Trust,NYSE,23.88,REIT - Equity Trust Other,,4/5/2022,Buy,1647165,-9.72%,23.82,23.03,22.68,3246029000
PECO,Phillips Edison & Company Inc,NASDAQ,34.71,REIT - Equity Trust Retail,,4/5/2022,Buy,2853025,-4.51%,33.78,32.86,32.76,3929310000
PEG,Public Service Enterprise Group Inc,NYSE,70.56,Utility - Electric Power,,4/5/2022,Buy,2596960,-1.22%,68,66.59,65.58,35291064000
PFHD,Professional Holding Corp,NASDAQ,22.87,Banks - Southeast,,4/5/2022,Buy,37615,-6.54%,22.18,21.53,20.56,305530000
PGR,Progressive Corp,NYSE,114.23,Insurance - Proprty & Casualty,,4/5/2022,Buy,2180070,-2.85%,111.61,108.75,104.5,66734696000
PGRE,Paramount Group Inc,NYSE,10.73,REIT - Equity Trust Other,,4/5/2022,Buy,2263290,-7.86%,10.76,10,9.4,2394567000
PKG,Packaging Corp of America,NYSE,154.08,Containers - Paper Products,SIC-2650 Paperboard Containers & Boxes,4/5/2022,Buy,648560,-2.77%,153.95,149.55,141.68,14539114000
PLAN,Anaplan Inc,NYSE,65.29,Internet - Software,,4/5/2022,Buy,14573015,-7.06%,57.52,50.67,49.05,9813220000
PLAY,Dave & Buster's Ente,NASDAQ,46.4,Retail - Restaurants,,4/5/2022,Buy,1398880,-11.68%,43.76,41.2,38.78,2275317000
PLL,Piedmont Lithium Inc ADR,NASDAQ,69.93,Mining - Misc,,4/5/2022,Buy,767575,-12.58%,71.09,58.4,57.03,1243971000
PLYA,Playa Hotels & Resorts N.V.,NASDAQ,8.47,Hotels & Motels,SIC-7011 Hotels & Motels,4/5/2022,Buy,1142705,-13.66%,8.62,8.45,8.01,1407888000
PNNT,Pennantpark Investme,NASDAQ,7.85,Finance - SBIC & Commercial,,4/5/2022,Buy,342275,-1.81%,7.72,7.54,7.24,519798000
PNW,Pinnacle West Capital Corp,NYSE,78.5,Utility - Electric Power,SIC-4911 Electric Services,4/5/2022,Buy,717985,-11.34%,75.37,72.31,70.23,8902429000
POLY,Plantronics,NYSE,39.83,Communications Components,,4/5/2022,Buy,2768810,-8.23%,31.22,28.9,28.72,1694048000
POND,Angel Pond Holdings Corp Cl A,NYSE,9.9,Unclassified,SIC-6770 Blank Checks,4/4/2022,Buy,129475,-0.50%,9.85,9.83,9.77,328571000
POR,Portland General Electric Company,NYSE,55.02,Utility - Electric Power,,4/5/2022,Buy,568720,-1.84%,54.53,52.7,52.06,4906809000
PRA,Pro-Assurance Corp,NYSE,26.7,Insurance - Proprty & Casualty,,4/5/2022,Buy,205305,-5.49%,25.94,24.82,24.6,1456569000
PRSR,Prospector Capital Corp Cl A,NASDAQ,9.82,Unclassified,SIC-6770 Blank Checks,4/5/2022,Buy,29540,-1.69%,9.8,9.77,9.76,368438000
PRU,Prudential Financial Inc,NYSE,116.85,Insurance - Multi Line,,4/5/2022,Buy,2006165,-5.93%,115.29,113.97,111.45,43758880000
PSA,Public Storage,NYSE,395.72,REIT - Equity Trust Other,,4/5/2022,Buy,717860,-1.73%,375.87,365.65,358.05,69149576000
PSN,Parsons Corp,NYSE,39.37,Technology Services,,4/5/2022,Buy,575545,-12.53%,38.04,34.67,34.22,4023811000
PSO,Pearson Plc ADR,NYSE,10.13,Media Conglomerates,,4/5/2022,Buy,900140,-18.21%,10.23,9.23,8.78,7587816000
PTEN,Patterson-Uti Energy,NASDAQ,15.33,Oil & Gas - Drilling,SIC-1381 Drilling Oil & Gas Wells,4/5/2022,Buy,4340860,-10.30%,15.4,13.65,11.14,3435646000
PUMP,Propetro Holding Corp,NYSE,13.9,Oil - Field Services,,4/5/2022,Buy,1447695,-13.39%,13.87,12.72,10.78,1496478000
PV,Primavera Capital Acquisition Corp Cl A,NYSE,9.85,Unclassified,SIC-6770 Blank Checks,4/4/2022,Buy,175690,-3.43%,9.81,9.77,9.76,529438000
PWR,Quanta Services,NYSE,130.1,Engineering & R&D Services,,4/5/2022,Buy,1363185,-5.53%,128.17,113.61,113.07,18755174000
PXD,Pioneer Natural Resources Company,NYSE,244.48,Oil - US Exploration & Product,,4/5/2022,Buy,2500600,-5.97%,244.97,234.04,210.91,61388928000
QUAD,Quad Graphics Inc,NYSE,6.74,Printing - Commercial,,4/5/2022,Buy,361140,-8.11%,6.41,5.57,4.84,393497000
RADA,Rada Electr Inds Ltd,NASDAQ,14.06,Aerospace - Defense Equipment,,4/5/2022,Buy,779240,-15.15%,14.01,12.12,10.84,713888000
RCI,Rogers Communication,NYSE,57.19,Cable TV,,4/5/2022,Buy,328395,-1.09%,54.57,52.87,49.97,28715082000
RCM,R1 Rcm Inc,NASDAQ,25.87,Finance - Misc Services,SIC-8741 Services-Management Services,4/5/2022,Buy,1265500,-7.43%,25.57,25.23,24.63,7367901000
RE,Everest Re Group,NYSE,298.88,Insurance - Proprty & Casualty,,4/5/2022,Buy,269835,-3.02%,290.07,289.77,281.62,11675171000
REGI,Renewable Energy,NASDAQ,60.64,Biofuels,,4/5/2022,Buy,3040385,-17.65%,60.81,50.37,48.07,3055873000
REGN,Regeneron Pharmaceuticals,NASDAQ,691.47,Medical - Biomedical,,4/5/2022,Buy,705515,-2.67%,677.5,641.42,637.12,75109104000
RES,RPC Inc,NYSE,10.58,Oil - Field Services,,4/5/2022,Buy,2041170,-11.61%,10.57,8.87,6.84,2409578000
RGLD,Royal Gold Inc,NASDAQ,141.97,Mining - Gold,,4/5/2022,Buy,601955,-3.76%,138.96,123.07,112.59,9512114000
RHP,Ryman Hospitality Properties REIT,NYSE,92.95,REIT - Equity Trust Other,,4/5/2022,Buy,423030,-5.26%,91.39,89.35,87.87,5124449000
RIG,Transocean Inc,NYSE,4.56,Oil & Gas - Drilling,,4/5/2022,Buy,26846029,-17.99%,4.54,4,3.56,3207769000
ROCC,Ranger Oil Corp,NASDAQ,35.4,Oil - US Exploration & Product,,4/5/2022,Buy,475305,-17.02%,35.93,33.66,30.96,1376626000
RRC,Range Resources Corp,NYSE,31.1,Oil - US Exploration & Product,,4/5/2022,Buy,5122680,-5.96%,28.6,24.3,21.98,8160605000
RSVR,Reservoir Media Inc,NASDAQ,9.84,Media Conglomerates,,4/5/2022,Buy,125345,-14.06%,9.09,7.72,7.71,633052000
RTLR,Rattler Midstream LP Common Units,NASDAQ,14.2,Oil - US Integrated,SIC-4922 Natural Gas Transmission,4/5/2022,Buy,263970,-4.18%,13.7,13.31,12.29,2057966000
RTX,Raytheon Technologies Corp,NYSE,98.81,Aerospace - Defense Equipment,,4/5/2022,Buy,5468690,-5.30%,99.36,96.55,91.47,1.47984E+11
RWAY,Runway Growth Finance Corp,NASDAQ,13.92,Finance - SBIC & Commercial,N/A,4/5/2022,Buy,122170,-6.70%,13.62,13.32,13.21,586783000
RYI,Ryerson Holding Corp,NYSE,33.07,Steel - Producers,,4/5/2022,Buy,301125,-16.45%,35.17,28.38,26.83,1327665000
RYN,Rayonier Inc REIT,NYSE,41.57,Building Products - Wood,SIC-6798 Real Estate Investment Trusts,4/5/2022,Buy,623470,-4.33%,41.57,39.43,39.21,6128757000
SAFT,Safety Ins Group Inc,NASDAQ,91.56,Insurance - Proprty & Casualty,"SIC-6331 Fire, Marine & Casualty Insurance",4/5/2022,Buy,75585,-1.74%,88.8,86.17,83.78,1340726000
SAIC,Science Applications International,NYSE,90.01,IT Services,,4/5/2022,Buy,546170,-6.73%,90.2,86.51,85.99,5092142000
SAND,Sandstorm Gold Ltd,NYSE,8.43,Mining - Gold,,4/5/2022,Buy,2405145,-9.45%,8.12,7.25,6.69,1640559000
SBOW,Silverbow Resources Inc,NYSE,35.13,Oil - US Exploration & Product,SIC-1311 Crude Petroleum & Natural Gas,4/5/2022,Buy,218625,-1.87%,30.92,27.1,25.43,579669000
SBR,Sabine Royalty Trust,NYSE,59.56,Oil - US Royalty Trusts,,4/5/2022,Buy,70810,-6.89%,57.49,54.4,49.13,858908000
SBS,Cia DE Saneamento Basico Do Estado ADR,NYSE,10.96,Utility - Water Supply,SIC-4941 Water Supply,4/5/2022,Buy,4376055,-2.32%,9.26,8.12,7.38,7641642000
SBT,Sterling Bancorp Inc [Southfield Mi],NASDAQ,7.1,Banks - Northeast,,4/5/2022,Buy,65170,-2.20%,6.88,6.42,5.98,356674000
SCCO,Southern Copper Corp,NYSE,74.22,Mining - Non Ferrous,SIC-1000 Metal Mining,4/5/2022,Buy,1162245,-10.89%,75.09,70.58,66,60300784000
SD,Sandridge Energy Inc,NYSE,16.18,Oil - US Integrated,,4/5/2022,Buy,1195590,-7.12%,15.65,13.72,12.41,617243000
SEAS,Seaworld Entertainment Inc Company,NYSE,68.52,Leisure & Recreation Services,,4/5/2022,Buy,831025,-9.84%,69.22,66.37,65,5295430000
SEE,Sealed Air Corp,NYSE,66.51,Containers - Paper Products,,4/5/2022,Buy,873930,-5.96%,67.38,66.57,66.01,10024371000
SENEA,Seneca Foods Cp A,NASDAQ,51.98,Food - Misc & Diversified,,4/5/2022,Buy,30365,-8.24%,51.63,49.63,48.27,442783000
SFBS,Servisfirst Bancs,NYSE,91.76,Finance - Savings & Loan,,4/5/2022,Buy,197550,-5.65%,91.97,87.99,86.08,5039790000
SFL,Ship Finance International,NYSE,10.2,Transportation - Ship,,4/5/2022,Buy,1075720,-4.36%,10.08,9.53,8.97,1425690000
SFM,Sprouts Farmers Market,NASDAQ,32.22,Food Items - Wholesale,,4/5/2022,Buy,1484975,-7.86%,31.93,30.22,28.98,3558973000
SGLY,Singularity Future Technology Ltd,NASDAQ,17,Technology Services,,4/5/2022,Buy,1089895,-1.96%,10.59,7.86,5.93,327543000
SGML,Sigma Lithium Corp,NASDAQ,15.99,Electronics Products - Misc,,4/5/2022,Buy,388385,-7.89%,13.09,11.39,10.63,1651271000
SHLX,Shell Midstream Partners LP,NYSE,14.24,Oil Gas Prod Pipeline MLP,,4/5/2022,Buy,1619435,-13.70%,14.09,13.65,12.77,5592570000
SIGI,Selective Ins Group,NASDAQ,88.34,Insurance - Proprty & Casualty,,4/5/2022,Buy,217530,-4.11%,87.47,82.62,81.16,5346887000
SIRI,Sirius XM Holdings,NASDAQ,6.62,Broadcast - Radio & TV,,4/5/2022,Buy,19619051,-9.19%,6.42,6.34,6.32,26411632000
SJI,South Jersey Industries,NYSE,34.46,Utility - Gas Distribution,,4/5/2022,Buy,1560995,-2.43%,34.43,30.18,27.59,4080094000
SJR,Shaw Communications Inc,NYSE,31.27,Cable TV,,4/5/2022,Buy,310490,-1.04%,30.7,30.07,29.82,14889152000
SJT,San Juan Basin Royalty Trust,NYSE,8.91,Oil - US Royalty Trusts,,4/5/2022,Buy,866440,-2.41%,7.65,7.17,6.86,418558000
SLB,Schlumberger N.V.,NYSE,40.46,Oil - Field Services,,4/5/2022,Buy,17503215,-12.56%,41.47,40.4,36.14,58710940000
SLCA,U.S. Silica Holdings Inc,NYSE,18.47,Mining - Misc,,4/5/2022,Buy,1798105,-9.15%,17.05,13.65,11.81,1476263000
SLGN,Silgan Holdings,NASDAQ,45.36,Containers - Metal & Glass,,4/5/2022,Buy,641435,-3.45%,45.09,43.72,42.99,5041321000
SM,Sm Energy Company,NYSE,38.87,Oil - US Exploration & Product,,4/5/2022,Buy,2376615,-11.03%,39.32,37.02,34.23,4953690000
SNEX,Stonex Group Inc,NASDAQ,73.62,Finance - Misc Services,,4/5/2022,Buy,74790,-5.01%,74.63,72.87,68.22,1515939000
SNRH,Senior Connect Acquisition Corp I Cl A,NASDAQ,9.82,Unclassified,SIC-6770 Blank Checks,4/5/2022,Buy,206795,-1.80%,9.8,9.79,9.78,509220000
SO,Southern Company,NYSE,74.35,Utility - Electric Power,,4/5/2022,Buy,5062515,-1.05%,70.15,67.98,66.81,77523808000
SP,SP Plus Corp,NASDAQ,31.14,Consumer Services - Misc,,4/5/2022,Buy,58455,-14.21%,30.94,29.21,28.94,738568000
SPH,Suburban Propane Partners LP,NYSE,16.26,Oil Refining & Marketing MLP,,4/5/2022,Buy,352695,-1.87%,15.63,15.19,15.03,1037647000
SPTN,Spartannash Company,NASDAQ,32.27,Food Items - Wholesale,,4/5/2022,Buy,474530,-9.51%,32.82,29.44,27.22,1196921000
SQM,Sociedad Quimica Y Minera S.A. ADR,NYSE,85.88,Fertilizers,,4/5/2022,Buy,1657985,-5.49%,80.19,68.81,62.71,23458748000
SR,Spire Inc,NYSE,73.2,Utility - Gas Distribution,,4/5/2022,Buy,380710,-6.09%,69.1,66.9,65.3,3733245000
SRE,Sempra,NYSE,165.03,Utility - Gas Distribution,,4/5/2022,Buy,1999960,-3.26%,160.07,147.58,138.22,52658140000
SRRA,Sierra Oncology Inc,NASDAQ,36.4,Medical - Drugs,,4/5/2022,Buy,288155,-2.49%,33.53,31.64,26.75,853123000
SSL,Sasol Ltd ADR,NYSE,24.45,Oil - International Integrated,,4/5/2022,Buy,301615,-5.60%,23.98,23.1,20.09,15659485000
SSRM,Ssr Mining Inc,NASDAQ,21.41,Mining - Misc,,4/5/2022,Buy,2189165,-5.81%,21.64,19.59,18.62,4678732000
STER,Sterling Check Corp,NASDAQ,27.07,Technology Services,SIC-7374 Services-Computer Processing & Data Preparat,4/5/2022,Buy,295725,-6.62%,23.97,21.94,21.93,2613446000
STLD,Steel Dynamics Inc,NASDAQ,82.54,Steel - Producers,,4/5/2022,Buy,2463190,-7.97%,81.19,70.46,66.13,15843705000
STNG,Scorpio Tankers Inc,NYSE,20.98,Transportation - Ship,,4/5/2022,Buy,1060010,-14.96%,19.58,17.24,15.42,1258457000
SU,Suncor Energy Inc,NYSE,32.99,Oil - C$ Integrated,,4/5/2022,Buy,7604640,-3.55%,32.12,30.62,28.04,48015476000
SUPN,Supernus Pharm,NASDAQ,32.18,Medical - Generic Drugs,,4/5/2022,Buy,334000,-6.72%,31.54,31.09,30.74,1685961000
SUZ,Suzano Papel E Celul ADR,NYSE,11.63,Paper & Related Products,SIC-2621 Paper Mills,4/5/2022,Buy,1388260,-12.95%,12.02,11.43,10.9,16008418000
SWCH,Switch Inc,NYSE,31.26,Technology Services,,4/5/2022,Buy,1687210,-1.70%,29.22,27.09,26.92,7635384000
SWN,Southwestern Energy Company,NYSE,7.54,Oil - US Exploration & Product,,4/5/2022,Buy,39099719,-5.28%,6.17,5.32,5.05,8301676000
SWX,Southwest Gas Corp,NYSE,79.24,Utility - Gas Distribution,,4/5/2022,Buy,772955,-2.28%,77.31,71.68,70.12,4886102000
SXC,Suncoke Energy Inc,NYSE,8.68,Coal,,4/5/2022,Buy,1050750,-11.61%,8.74,8.15,7.41,737203000
TALO,Talos Energy Inc,NYSE,16.8,Oil - US Exploration & Product,,4/5/2022,Buy,1508560,-14.46%,15.88,14.16,12.24,1409172000
TAP,Molson Coors Brewing Company,NYSE,51.39,Beverages - Alcohol,,4/5/2022,Buy,1313980,-16.41%,52.43,50.71,48.92,11298305000
TBI,Trueblue Inc,NYSE,28.04,Staffing,,4/5/2022,Buy,206855,-14.80%,28.46,27.39,27.37,1003067000
TCN,Tricon Residential Inc,NYSE,15.64,Real Estate Operations,,4/5/2022,Buy,942335,-9.23%,16.07,15.34,14.95,4295430000
TCPC,TCP Capital Corp,NASDAQ,14.28,Finance - SBIC & Commercial,,4/5/2022,Buy,280735,-5.12%,14.01,13.83,13.71,826646000
TDC,Teradata Corp,NYSE,47.8,Computer - Storage Devices,,4/5/2022,Buy,908500,-19.50%,48,46.9,45.32,4989846000
TDG,Transdigm Group Inc,NYSE,651.43,Aerospace - Defense Equipment,,4/5/2022,Buy,339455,-5.32%,657.01,644.19,632.29,37125712000
TDW,Tidewater Inc,NYSE,21.75,Oil - US Integrated,,4/5/2022,Buy,407070,-4.77%,20.95,17.3,14.33,899167000
TDY,Teledyne Technologies Inc,NYSE,481.28,Aerospace - Defense Equipment,,4/5/2022,Buy,295605,-1.93%,452.59,434.79,432.48,22875412000
TECK,Teck Resources Ltd,NYSE,38.62,Mining - Misc,SIC-1400 Mining & Quarrying of Nonmetallic Minerals (,4/5/2022,Buy,5579495,-10.56%,39.94,37.18,32.93,21581440000
TENB,Tenable Holdings Inc,NASDAQ,57.86,Internet - Software,,4/5/2022,Buy,1318230,-4.16%,55.35,52.56,51.99,6569235000
TEO,Telecom Argentina Stet France Telecom ADR,NYSE,6.19,Wireline Non-US,,4/5/2022,Buy,180575,-6.07%,5.53,5.32,5.21,2765338000
TGI,Triumph Group,NYSE,24.56,Aerospace - Defense Equipment,SIC-3720 Aircraft & Parts,4/5/2022,Buy,660885,-11.81%,25.23,22.98,21.03,1686993000
TGNA,Tegna Inc,NYSE,22.48,Broadcast - Radio & TV,SIC-4833 Television Broadcasting Stations,4/5/2022,Buy,2780880,-2.43%,22.37,21.66,20.66,4975878000
TGS,Transportadora DE Gas Sa Ord B ADR,NYSE,7.04,Oil - Production & Pipeline,SIC-4922 Natural Gas Transmission,4/5/2022,Buy,201685,-5.12%,6.36,5.68,5.15,1064403000
TH,Target Hospitality Corp,NASDAQ,5.89,Leisure & Recreation Services,,4/5/2022,Buy,627765,-7.24%,5.63,4.15,3.9,599484000
THG,The Hanover Insurance Group,NYSE,149.47,Insurance - Proprty & Casualty,,4/5/2022,Buy,157290,-3.56%,146.54,142.02,136.29,5338457000
TIMB,Tim S.A. ADR,NYSE,15.05,Wireless Non-US,,4/5/2022,Buy,770575,-3.59%,13.8,13.18,12.4,7456064000
TINV,Tiga Acquisition Corp Cl A,NYSE,10.25,Unclassified,SIC-6770 Blank Checks,4/5/2022,Buy,42005,-0.49%,10.23,10.2,10.17,353280000
TLK,P.T. Telekomunikasi Indonesia Tbk ADR,NYSE,31.35,Diversified Comm Services,SIC-4813 Telephone Communications (No Radiotelephone),4/5/2022,Buy,247975,-4.27%,31.97,30.79,29.51,28306488000
TMST,Timken Steel Corp,NYSE,20.83,Steel - Producers,,4/5/2022,Buy,938330,-13.57%,21.75,18.28,16.86,1012519000
TMUS,T-Mobile US,NASDAQ,131.96,Wireless National,,4/5/2022,Buy,5142660,-12.14%,126.9,122.8,118.47,1.65643E+11
TMX,Terminix Global Hldgs Inc,NYSE,45.72,Industrial Services,,4/5/2022,Buy,877140,-14.27%,44.3,43.16,42.4,5531758000
TNK,Teekay Tankers Ltd,NYSE,14.27,Transportation - Ship,,4/5/2022,Buy,285875,-10.76%,13.4,12.49,12.01,482116000
TRGP,Targa Resources,NYSE,75.71,Oil Refining & Marketing MLP,,4/5/2022,Buy,1751250,-3.12%,71.72,66.21,59.86,17591136000
TRMD,Torm Plc Cl A,NASDAQ,8.96,Transportation - Ship,,4/5/2022,Buy,193125,-11.81%,8.44,7.96,7.86,669173000
TRP,Tc Energy Corp,NYSE,57.85,Other Alt Energy,,4/5/2022,Buy,1955685,-1.75%,56.11,53.9,50.82,56466272000
TRQ,Turquoise Hill Resources Ltd,NYSE,30.2,Mining - Misc,,4/5/2022,Buy,1839155,-2.11%,27.79,22.88,19.07,6167730000
TRV,The Travelers Companies Inc,NYSE,181.39,Insurance - Proprty & Casualty,,4/5/2022,Buy,1399590,-3.51%,181.06,174.75,166.05,43909716000
TS,Tenaris S.A. ADR,NYSE,29.93,Steel - Pipe & Tube,,4/5/2022,Buy,2798245,-4.94%,29.3,27.21,24.4,18168450000
TSEM,Tower Semiconductor,NASDAQ,48.67,Electronics - Semiconductors,SIC-3674 Semiconductors & Related Devices,4/5/2022,Buy,1072790,-0.86%,48.19,43.6,40.66,5223009000
TTI,Tetra Technologies,NYSE,3.79,Oil - Field Services,,4/5/2022,Buy,1385005,-15.59%,3.63,3.27,3.07,509304000
TU,Telus Corp,NYSE,26.86,Diversified Comm Services,,4/5/2022,Buy,1696440,-0.78%,25.91,25.18,24.2,36510500000
TVTY,Tivity Health,NASDAQ,32.17,Medical Services,,4/5/2022,Buy,894750,-2.19%,30.42,27.94,26.7,1606792000
TWI,Titan International,NYSE,13.61,Machinery - Farm,,4/5/2022,Buy,561630,-13.70%,14.17,12.09,10.56,906353000
TWNK,Hostess Brands Inc,NASDAQ,22.62,Food - Confectionery,,4/5/2022,Buy,1426545,-3.81%,21.22,21.07,20.08,3131569000
UAN,Cvr Partners LP,NYSE,136.93,Fertilizers,,4/5/2022,Buy,194865,-8.90%,127.24,112.63,97.7,1470986000
UEPS,Net 1 Ueps Techs Inc,NASDAQ,5.76,Protection - Safety,,4/5/2022,Buy,112540,-17.36%,5.28,5.14,5.08,327085000
UFCS,United Fire Group,NASDAQ,30.71,Insurance - Proprty & Casualty,,4/5/2022,Buy,83660,-13.08%,29.68,27.47,25.34,774243000
UNH,Unitedhealth Group Inc,NYSE,517.76,Medical - HMO,,4/5/2022,Buy,3005450,-1.33%,504.74,487.57,478.61,4.79877E+11
UNM,Unumprovident Corp,NYSE,31.25,Insurance - Accident & Health,SIC-6321 Accident & Health Insurance,4/5/2022,Buy,2400580,-3.10%,29.93,28.45,26.83,6200484000
UNVR,Univar Inc,NYSE,31.61,Chemical - Diversified,,4/5/2022,Buy,1467060,-7.03%,32.24,30.06,28.88,5422410000
USAC,USA Compression Partners LP,NYSE,18.3,Oil Field Machinery & Equip,,4/5/2022,Buy,221915,-3.94%,17.81,17.16,16.51,1839451000
USPH,U.S. Physical Therapy,NYSE,100.83,Medical - Outpatient & Hm Care,,4/5/2022,Buy,67775,-18.28%,97.08,96.3,95.35,1315732000
UTI,Universal Technical Institute Inc,NYSE,8.95,Schools,,4/5/2022,Buy,177870,-4.79%,8.68,8.46,8.14,300686000
UVV,Universal Corp,NYSE,58.15,Tobacco,,4/5/2022,Buy,171220,-4.59%,56.42,54.89,53.59,1445966000
VAL,Valaris Ltd,NYSE,52.28,Oil & Gas - Drilling,,4/5/2022,Buy,655385,-6.16%,49.42,44.88,40.34,4086000000
VALE,Vale S.A. ADR,NYSE,20.33,Mining - Iron,SIC-1000 Metal Mining,4/5/2022,Buy,38236020,-12.28%,19.47,18.23,15.95,1.0613E+11
VET,Vermilion Energy Inc,NYSE,21.59,International E&P,,4/5/2022,Buy,2859555,-9.78%,21.42,19,15.45,3612375000
VINP,Vinci Partners Investments Ltd Cl A,NASDAQ,13.7,Finance - Misc Services,SIC-6282 Investment Advice,4/5/2022,Buy,55950,-14.38%,12.93,12.75,12.09,778889000
VIRT,Virtu Financial Cm A,NASDAQ,38.09,Finance - Misc Services,,4/5/2022,Buy,1168475,-1.17%,35.86,34.43,31.49,6654133000
VIST,Vista Oil & Gas S.A.B. DE C.V. ADR,NYSE,9.19,Oil - International Integrated,,4/5/2022,Buy,789240,-8.64%,8.65,7.75,6.63,845773000
VIV,Telecomunicacoes DE Sao Paulo ADR,NYSE,11.69,Diversified Comm Services,,4/5/2022,Buy,2740765,-0.76%,10.71,9.98,9.34,19586636000
VIVO,Meridian Bioscience,NASDAQ,26.3,Medical Products,,4/5/2022,Buy,324540,-7.00%,25.69,24.86,22.43,1143822000
VLGEA,Village Super Mkt,NASDAQ,24.47,Retail - Supermarket,,4/5/2022,Buy,30020,-5.12%,24.34,23.33,22.88,356062000
VLO,Valero Energy Corp,NYSE,101.46,Oil - Refining and Marketing,SIC-2911 Petroleum Refining,4/5/2022,Buy,4463925,-1.73%,94.17,89.19,81.84,41233284000
VNE,Veoneer Inc,NYSE,36.95,Auto - Truck Original Parts,N/A,3/31/2022,Buy,3114865,-8.68%,35.98,35.56,35.49,4139102000
VNOM,Viper Energy LP,NASDAQ,30.81,Oil - US Exploration & Product,,4/5/2022,Buy,461160,-2.47%,29.67,28.48,25.69,5115795000
VRS,Verso Corp,NYSE,26.99,Paper & Related Products,N/A,3/30/2022,Buy,466345,-1.10%,26.84,26.71,25.4,786893000
VRTX,Vertex Pharmaceutic,NASDAQ,269.96,Medical - Biomedical,,4/5/2022,Buy,1521820,-2.15%,252.29,242.49,226.31,68389568000
VST,Vistra Energy Corp,NYSE,23.58,Utility - Electric Power,,4/5/2022,Buy,3881435,-0.84%,22.69,22.2,21.78,10470597000
VTR,Ventas Inc,NYSE,61.6,REIT - Equity Trust Other,,4/5/2022,Buy,2403045,-3.78%,60.52,55.77,53.28,25115650000
VTRU,Vitru Ltd,NASDAQ,15.53,Schools,SIC-8200 Services-Educational Services,4/5/2022,Buy,37885,-15.96%,15.35,15.03,14.23,362999000
VYGR,Voyager Therapeut,NASDAQ,8.99,Medical - Biomedical,,4/5/2022,Buy,1073050,-7.70%,7.77,5.19,4.08,330076000
WABC,Westamerica Bancorp,NASDAQ,60.35,Banks - West,,4/5/2022,Buy,105900,-7.74%,61.13,59.77,58.63,1636296000
WARR,Warrior Technologies Acquisition Cl A,NYSE,9.89,Unclassified,SIC-6770 Blank Checks,4/5/2022,Buy,55720,-1.10%,9.88,9.86,9.84,341550000
WEC,Wisconsin Energy Corp,NYSE,101.73,Utility - Electric Power,,4/5/2022,Buy,1553510,-0.94%,96.79,94.28,94.04,31698564000
WELL,Welltower Inc,NYSE,95.69,REIT - Equity Trust Other,,4/5/2022,Buy,2137295,-3.76%,93.76,87.45,86.03,43685836000
WFRD,Weatherford International Plc,NASDAQ,33.61,Oil - Field Services,,4/5/2022,Buy,439500,-8.84%,32.89,32.09,30.27,2470779000
WHD,Cactus Inc Cl A,NYSE,55.76,Oil - US Integrated,,4/5/2022,Buy,623175,-13.12%,54.19,51.69,45.75,4319255000
WLK,Westlake Corp,NYSE,121.73,Chemical - Plastics,SIC-2860 Industrial Organic Chemicals,4/5/2022,Buy,635175,-4.31%,122.2,111.86,104.99,15537284000
WLKP,Westlake Chemical Partners LP,NYSE,27.54,Chemical - Specialty,SIC-2860 Industrial Organic Chemicals,4/5/2022,Buy,65385,-1.08%,26.76,26.65,25.8,968385000
WLL,Whiting Petroleum Corp,NYSE,78.4,Oil - US Exploration & Product,,4/5/2022,Buy,631120,-13.74%,82.06,76.83,72.39,3176559000
WMB,Williams Companies,NYSE,32.98,Oil - Production & Pipeline,,4/5/2022,Buy,8605720,-4.10%,32.59,31.42,29.4,41001952000
WMK,Weis Markets,NYSE,73.81,Retail - Supermarket,SIC-5411 Retail-Grocery Stores,4/5/2022,Buy,70865,-5.65%,74.61,67.26,65.8,1980377000
WPM,Wheaton Precious Metals,NYSE,47.72,Mining - Misc,,4/5/2022,Buy,2699485,-5.20%,47.97,44.73,43.14,21997656000
WRB,W.R. Berkley Corp,NYSE,66.42,Insurance - Proprty & Casualty,,4/5/2022,Buy,1434368,-1.72%,64.8,61.43,57.89,17491668000
WTTR,Select Energy Services Inc,NYSE,8.39,Oil - Field Services,,4/5/2022,Buy,593805,-19.56%,8.78,8.18,7.23,948230000
WWE,World Wrestling Entertainment,NYSE,62.42,Movie & TV Production & Dist,,4/5/2022,Buy,629810,-11.74%,60,56.96,53.71,4712003000
X,United States Steel Corp,NYSE,36.78,Steel - Producers,,4/5/2022,Buy,18475449,-6.29%,35.29,28.66,26.19,9704631000
XEL,XCEL Energy Inc,NASDAQ,73.07,Utility - Electric Power,,4/5/2022,Buy,2805070,-1.31%,70.62,69.01,67.9,39564356000
XENE,Xenon Pharmaceuticals Inc,NASDAQ,35.16,Medical - Biomedical,,4/5/2022,Buy,465270,-3.46%,30.7,30.19,29.53,1773102000
XENT,Intersect Ent Inc,NASDAQ,27.83,Medical Instruments,,4/5/2022,Buy,311325,-1.21%,27.77,27.47,27.31,939644000
XHR,Xenia Hotels & Resorts Inc,NYSE,18.99,REIT - Equity Trust Other,,4/5/2022,Buy,457820,-9.74%,19.02,18.45,17.95,2236119000
XOM,Exxon Mobil Corp,NYSE,82.73,Oil - International Integrated,,4/5/2022,Buy,31510029,-9.59%,82.15,80.34,72.33,3.52066E+11
Y,Alleghany Corp,NYSE,853,Insurance - Proprty & Casualty,"SIC-6331 Fire, Marine & Casualty Insurance",4/5/2022,Buy,195315,-1.14%,772.29,709.46,690.15,11529581000
YPF,Ypf Sociedad Anonima ADR,NYSE,5.19,Oil - International Integrated,SIC-2911 Petroleum Refining,4/5/2022,Buy,2411800,-11.43%,4.72,4.43,4.19,2088492000
ZEN,Zendesk Inc,NYSE,124.76,Internet - Software,,4/5/2022,Buy,1730500,-19.83%,118.46,112.54,106.3,15254216000
ZETA,Zeta Global Holdings Corp Cl A,NYSE,12.4,Technology Services,,4/5/2022,Buy,1250775,-5.27%,11.26,10.85,9.62,2595563000
ZEUS,Olympic Steel Inc,NASDAQ,35,Steel - Producers,,4/5/2022,Buy,138890,-12.50%,34.24,28.41,25.83,403756000
ZNGA,Zynga Inc Cl A,NASDAQ,9.19,Gaming,SIC-7374 Services-Computer Processing & Data Preparat,4/5/2022,Buy,20262055,-19.17%,9.11,9.04,7.99,10497441000
